Entity,Day,Daily_new_cases_per_million
Indonesia,2020-03-01,0.0
Indonesia,2020-03-02,0.001024688
Indonesia,2020-03-03,0.003074064
Indonesia,2020-03-04,0.003074064
Indonesia,2020-03-05,0.003074064
Indonesia,2020-03-06,0.004098752
Indonesia,2020-03-07,0.004098752
Indonesia,2020-03-08,0.0051234397
Indonesia,2020-03-09,0.004781877
Indonesia,2020-03-10,0.010161489
Indonesia,2020-03-11,0.014943366
Indonesia,2020-03-12,0.019127509
Indonesia,2020-03-13,0.020322978
Indonesia,2020-03-14,0.03885275
Indonesia,2020-03-15,0.066348545
Indonesia,2020-03-16,0.06558003
Indonesia,2020-03-17,0.07838863
Indonesia,2020-03-18,0.102468796
Indonesia,2020-03-19,0.14089459
Indonesia,2020-03-20,0.16958585
Indonesia,2020-03-21,0.19520305
Indonesia,2020-03-22,0.20340057
Indonesia,2020-03-23,0.22799307
Indonesia,2020-03-24,0.2633448
Indonesia,2020-03-25,0.28844967
Indonesia,2020-03-26,0.29920888
Indonesia,2020-03-27,0.34685686
Indonesia,2020-03-28,0.3612025
Indonesia,2020-03-29,0.3950172
Indonesia,2020-03-30,0.4278072
Indonesia,2020-03-31,0.43139362
Indonesia,2020-04-01,0.45444912
Indonesia,2020-04-02,0.45957255
Indonesia,2020-04-03,0.48160335
Indonesia,2020-04-04,0.4800663
Indonesia,2020-04-05,0.50619584
Indonesia,2020-04-06,0.55179447
Indonesia,2020-04-07,0.6199362
Indonesia,2020-04-08,0.6552879
Indonesia,2020-04-09,0.770053
Indonesia,2020-04-10,0.7818369
Indonesia,2020-04-11,0.896602
Indonesia,2020-04-12,1.0082929
Indonesia,2020-04-13,1.0585027
Indonesia,2020-04-14,1.0764347
Indonesia,2020-04-15,1.1169099
Indonesia,2020-04-16,1.1389407
Indonesia,2020-04-17,1.2352613
Indonesia,2020-04-18,1.2326996
Indonesia,2020-04-19,1.1958108
Indonesia,2020-04-20,1.1286938
Indonesia,2020-04-21,1.1763418
Indonesia,2020-04-22,1.169169
Indonesia,2020-04-23,1.157385
Indonesia,2020-04-24,1.172243
Indonesia,2020-04-25,1.2086195
Indonesia,2020-04-26,1.1819775
Indonesia,2020-04-27,1.1968355
Indonesia,2020-04-28,1.2173293
Indonesia,2020-04-29,1.2055454
Indonesia,2020-04-30,1.2004219
Indonesia,2020-05-01,1.198885
Indonesia,2020-05-02,1.1456012
Indonesia,2020-05-03,1.1835146
Indonesia,2020-05-04,1.2762488
Indonesia,2020-05-05,1.3116006
Indonesia,2020-05-06,1.3664213
Indonesia,2020-05-07,1.3618103
Indonesia,2020-05-08,1.3121129
Indonesia,2020-05-09,1.4355879
Indonesia,2020-05-10,1.4550569
Indonesia,2020-05-11,1.3720572
Indonesia,2020-05-12,1.3720572
Indonesia,2020-05-13,1.5370319
Indonesia,2020-05-14,1.6548711
Indonesia,2020-05-15,1.733772
Indonesia,2020-05-16,1.7317226
Indonesia,2020-05-17,1.7839817
Indonesia,2020-05-18,1.9187282
Indonesia,2020-05-19,1.9197528
Indonesia,2020-05-20,1.9218023
Indonesia,2020-05-21,2.1293015
Indonesia,2020-05-22,2.2030792
Indonesia,2020-05-23,2.4182637
Indonesia,2020-05-24,2.4372203
Indonesia,2020-05-25,2.4285104
Indonesia,2020-05-26,2.392134
Indonesia,2020-05-27,2.3885477
Indonesia,2020-05-28,2.2420173
Indonesia,2020-05-29,2.2645605
Indonesia,2020-05-30,2.0637217
Indonesia,2020-05-31,2.1528695
Indonesia,2020-06-01,2.1467214
Indonesia,2020-06-02,2.246116
Indonesia,2020-06-03,2.2450912
Indonesia,2020-06-04,2.1928322
Indonesia,2020-06-05,2.2056408
Indonesia,2020-06-06,2.4290228
Indonesia,2020-06-07,2.4146771
Indonesia,2020-06-08,2.6093678
Indonesia,2020-06-09,2.8317251
Indonesia,2020-06-10,3.1165884
Indonesia,2020-06-11,3.318452
Indonesia,2020-06-12,3.5274882
Indonesia,2020-06-13,3.5382476
Indonesia,2020-06-14,3.6330311
Indonesia,2020-06-15,3.7201297
Indonesia,2020-06-16,3.7524073
Indonesia,2020-06-17,3.6453273
Indonesia,2020-06-18,3.8256724
Indonesia,2020-06-19,3.7898085
Indonesia,2020-06-20,3.8984253
Indonesia,2020-06-21,3.9009871
Indonesia,2020-06-22,3.8687093
Indonesia,2020-06-23,3.8405304
Indonesia,2020-06-24,3.8825426
Indonesia,2020-06-25,3.8041542
Indonesia,2020-06-26,3.9061105
Indonesia,2020-06-27,3.9875731
Indonesia,2020-06-28,4.159721
Indonesia,2020-06-29,4.225301
Indonesia,2020-06-30,4.349288
Indonesia,2020-07-01,4.4886456
Indonesia,2020-07-02,4.717151
Indonesia,2020-07-03,4.748404
Indonesia,2020-07-04,4.7801695
Indonesia,2020-07-05,4.989718
Indonesia,2020-07-06,5.0547857
Indonesia,2020-07-07,5.041977
Indonesia,2020-07-08,5.281754
Indonesia,2020-07-09,5.8110056
Indonesia,2020-07-10,5.969832
Indonesia,2020-07-11,6.084597
Indonesia,2020-07-12,6.1225104
Indonesia,2020-07-13,6.1599116
Indonesia,2020-07-14,6.325399
Indonesia,2020-07-15,6.1558127
Indonesia,2020-07-16,5.6009445
Indonesia,2020-07-17,5.5246053
Indonesia,2020-07-18,5.566105
Indonesia,2020-07-19,5.5445867
Indonesia,2020-07-20,5.75516
Indonesia,2020-07-21,5.78795
Indonesia,2020-07-22,5.972394
Indonesia,2020-07-23,6.142492
Indonesia,2020-07-24,6.295683
Indonesia,2020-07-25,6.355115
Indonesia,2020-07-26,6.2798
Indonesia,2020-07-27,6.1937265
Indonesia,2020-07-28,6.2413745
Indonesia,2020-07-29,6.497034
Indonesia,2020-07-30,6.4960093
Indonesia,2020-07-31,6.638953
Indonesia,2020-08-01,6.481151
Indonesia,2020-08-02,6.4949846
Indonesia,2020-08-03,6.5738854
Indonesia,2020-08-04,6.6630335
Indonesia,2020-08-05,6.373047
Indonesia,2020-08-06,6.3617754
Indonesia,2020-08-07,6.58362
Indonesia,2020-08-08,6.9509706
Indonesia,2020-08-09,7.142587
Indonesia,2020-08-10,7.146686
Indonesia,2020-08-11,7.0293593
Indonesia,2020-08-12,7.094427
Indonesia,2020-08-13,7.2050934
Indonesia,2020-08-14,7.120044
Indonesia,2020-08-15,7.154884
Indonesia,2020-08-16,7.2512045
Indonesia,2020-08-17,7.3198586
Indonesia,2020-08-18,7.3096113
Indonesia,2020-08-19,7.289118
Indonesia,2020-08-20,7.3751917
Indonesia,2020-08-21,7.318834
Indonesia,2020-08-22,7.188186
Indonesia,2020-08-23,7.1656427
Indonesia,2020-08-24,7.194334
Indonesia,2020-08-25,7.5908885
Indonesia,2020-08-26,7.7978754
Indonesia,2020-08-27,8.029967
Indonesia,2020-08-28,8.442917
Indonesia,2020-08-29,9.066952
Indonesia,2020-08-30,9.487586
Indonesia,2020-08-31,9.931275
Indonesia,2020-09-01,10.099324
Indonesia,2020-09-02,10.493317
Indonesia,2020-09-03,10.955964
Indonesia,2020-09-04,11.092247
Indonesia,2020-09-05,11.000025
Indonesia,2020-09-06,11.300259
Indonesia,2020-09-07,11.37045
Indonesia,2020-09-08,11.509295
Indonesia,2020-09-09,11.628159
Indonesia,2020-09-10,11.750609
Indonesia,2020-09-11,11.990386
Indonesia,2020-09-12,12.337755
Indonesia,2020-09-13,12.436126
Indonesia,2020-09-14,12.569847
Indonesia,2020-09-15,12.806038
Indonesia,2020-09-16,13.142136
Indonesia,2020-09-17,13.026345
Indonesia,2020-09-18,13.105247
Indonesia,2020-09-19,13.290715
Indonesia,2020-09-20,13.471573
Indonesia,2020-09-21,14.001848
Indonesia,2020-09-22,14.290811
Indonesia,2020-09-23,14.548007
Indonesia,2020-09-24,15.059839
Indonesia,2020-09-25,15.537344
Indonesia,2020-09-26,15.704368
Indonesia,2020-09-27,15.645448
Indonesia,2020-09-28,15.303715
Indonesia,2020-09-29,15.268363
Indonesia,2020-09-30,15.175629
Indonesia,2020-10-01,14.93995
Indonesia,2020-10-02,14.680704
Indonesia,2020-10-03,14.431192
Indonesia,2020-10-04,14.49165
Indonesia,2020-10-05,14.549544
Indonesia,2020-10-06,14.577211
Indonesia,2020-10-07,14.707346
Indonesia,2020-10-08,15.053691
Indonesia,2020-10-09,14.939438
Indonesia,2020-10-10,15.086481
Indonesia,2020-10-11,15.345215
Indonesia,2020-10-12,15.163332
Indonesia,2020-10-13,15.086481
Indonesia,2020-10-14,14.875908
Indonesia,2020-10-15,14.650989
Indonesia,2020-10-16,14.757044
Indonesia,2020-10-17,14.76063
Indonesia,2020-10-18,14.559792
Indonesia,2020-10-19,14.6140995
Indonesia,2020-10-20,14.458347
Indonesia,2020-10-21,14.530075
Indonesia,2020-10-22,14.540834
Indonesia,2020-10-23,14.575674
Indonesia,2020-10-24,14.457322
Indonesia,2020-10-25,14.266218
Indonesia,2020-10-26,14.188854
Indonesia,2020-10-27,14.146842
Indonesia,2020-10-28,14.024904
Indonesia,2020-10-29,13.580702
Indonesia,2020-10-30,12.826531
Indonesia,2020-10-31,12.351588
Indonesia,2020-11-01,11.8208
Indonesia,2020-11-02,11.511345
Indonesia,2020-11-03,11.231092
Indonesia,2020-11-04,10.886285
Indonesia,2020-11-05,11.142457
Indonesia,2020-11-06,11.593832
Indonesia,2020-11-07,12.167145
Indonesia,2020-11-08,12.77376
Indonesia,2020-11-09,12.894161
Indonesia,2020-11-10,13.30711
Indonesia,2020-11-11,13.51922
Indonesia,2020-11-12,13.5745535
Indonesia,2020-11-13,14.428119
Indonesia,2020-11-14,14.945586
Indonesia,2020-11-15,15.061376
Indonesia,2020-11-16,15.410794
Indonesia,2020-11-17,15.42514
Indonesia,2020-11-18,15.67875
Indonesia,2020-11-19,15.998965
Indonesia,2020-11-20,15.664917
Indonesia,2020-11-21,15.524535
Indonesia,2020-11-22,15.654671
Indonesia,2020-11-23,16.119366
Indonesia,2020-11-24,16.316618
Indonesia,2020-11-25,16.966784
Indonesia,2020-11-26,17.027752
Indonesia,2020-11-27,17.55854
Indonesia,2020-11-28,17.773726
Indonesia,2020-11-29,18.750765
Indonesia,2020-11-30,18.840425
Indonesia,2020-12-01,19.301535
Indonesia,2020-12-02,19.301022
Indonesia,2020-12-03,21.069633
Indonesia,2020-12-04,21.056826
Indonesia,2020-12-05,21.368843
Indonesia,2020-12-06,21.277645
Indonesia,2020-12-07,21.86018
Indonesia,2020-12-08,21.96265
Indonesia,2020-12-09,22.23163
Indonesia,2020-12-10,21.034794
Indonesia,2020-12-11,21.294554
Indonesia,2020-12-12,21.47951
Indonesia,2020-12-13,21.530743
Indonesia,2020-12-14,21.394972
Indonesia,2020-12-15,21.819193
Indonesia,2020-12-16,22.160927
Indonesia,2020-12-17,22.837732
Indonesia,2020-12-18,23.031912
Indonesia,2020-12-19,23.730236
Indonesia,2020-12-20,24.136524
Indonesia,2020-12-21,24.8328
Indonesia,2020-12-22,24.949102
Indonesia,2020-12-23,25.353342
Indonesia,2020-12-24,25.273928
Indonesia,2020-12-25,25.565964
Indonesia,2020-12-26,25.047985
Indonesia,2020-12-27,24.81538
Indonesia,2020-12-28,24.30611
Indonesia,2020-12-29,25.103317
Indonesia,2020-12-30,25.353342
Indonesia,2020-12-31,25.801643
Indonesia,2021-01-01,26.218178
Indonesia,2021-01-02,26.455393
Indonesia,2021-01-03,26.634201
Indonesia,2021-01-04,27.094799
Indonesia,2021-01-05,26.860146
Indonesia,2021-01-06,27.296663
Indonesia,2021-01-07,27.935556
Indonesia,2021-01-08,29.239471
Indonesia,2021-01-09,30.696064
Indonesia,2021-01-10,32.11167
Indonesia,2021-01-11,33.105106
Indonesia,2021-01-12,34.438225
Indonesia,2021-01-13,35.680145
Indonesia,2021-01-14,36.82575
Indonesia,2021-01-15,37.95342
Indonesia,2021-01-16,40.09399
Indonesia,2021-01-17,40.93782
Indonesia,2021-01-18,41.139683
Indonesia,2021-01-19,41.30261
Indonesia,2021-01-20,41.963535
Indonesia,2021-01-21,42.038338
Indonesia,2021-01-22,42.455383
Indonesia,2021-01-23,41.413788
Indonesia,2021-01-24,41.67047
Indonesia,2021-01-25,42.13568
Indonesia,2021-01-26,43.533867
Indonesia,2021-01-27,43.216213
Indonesia,2021-01-28,44.236805
Indonesia,2021-01-29,44.323902
Indonesia,2021-01-30,45.51613
Indonesia,2021-01-31,45.625256
Indonesia,2021-02-01,46.1376
Indonesia,2021-02-02,44.746586
Indonesia,2021-02-03,44.76503
Indonesia,2021-02-04,43.60662
Indonesia,2021-02-05,42.55478
Indonesia,2021-02-06,41.344624
Indonesia,2021-02-07,40.74313
Indonesia,2021-02-08,39.33316
Indonesia,2021-02-09,38.472935
Indonesia,2021-02-10,36.829334
Indonesia,2021-02-11,35.292816
Indonesia,2021-02-12,34.32961
Indonesia,2021-02-13,32.632725
Indonesia,2021-02-14,30.551584
Indonesia,2021-02-15,29.639612
Indonesia,2021-02-16,30.320517
Indonesia,2021-02-17,30.787262
Indonesia,2021-02-18,31.096718
Indonesia,2021-02-19,31.478415
Indonesia,2021-02-20,31.073662
Indonesia,2021-02-21,31.347767
Indonesia,2021-02-22,33.252663
Indonesia,2021-02-23,33.122524
Indonesia,2021-02-24,32.018936
Indonesia,2021-02-25,31.739197
Indonesia,2021-02-26,30.518793
Indonesia,2021-02-27,29.573008
Indonesia,2021-02-28,28.681528
Indonesia,2021-03-01,26.888325
Indonesia,2021-03-02,24.806671
Indonesia,2021-03-03,24.43522
Indonesia,2021-03-04,23.805552
Indonesia,2021-03-05,23.159485
Indonesia,2021-03-06,22.93354
Indonesia,2021-03-07,23.069824
Indonesia,2021-03-08,23.179466
Indonesia,2021-03-09,23.526323
Indonesia,2021-03-10,22.924318
Indonesia,2021-03-11,21.83815
Indonesia,2021-03-12,21.55175
Indonesia,2021-03-13,20.95743
Indonesia,2021-03-14,20.387705
Indonesia,2021-03-15,19.719095
Indonesia,2021-03-16,19.21956
Indonesia,2021-03-17,19.830275
Indonesia,2021-03-18,20.560877
Indonesia,2021-03-19,20.492735
Indonesia,2021-03-20,21.030184
Indonesia,2021-03-21,20.867258
Indonesia,2021-03-22,20.94667
Indonesia,2021-03-23,20.886726
Indonesia,2021-03-24,20.068
Indonesia,2021-03-25,19.830786
Indonesia,2021-03-26,19.166275
Indonesia,2021-03-27,18.554026
Indonesia,2021-03-28,18.393661
Indonesia,2021-03-29,18.016577
Indonesia,2021-03-30,17.701485
Indonesia,2021-03-31,18.065248
Indonesia,2021-04-01,18.083181
Indonesia,2021-04-02,18.258915
Indonesia,2021-04-03,18.199482
Indonesia,2021-04-04,19.55617
Indonesia,2021-04-05,18.892172
Indonesia,2021-04-06,18.82403
Indonesia,2021-04-07,18.272236
Indonesia,2021-04-08,17.94536
Indonesia,2021-04-09,17.91462
Indonesia,2021-04-10,18.108286
Indonesia,2021-04-11,16.774141
Indonesia,2021-04-12,17.34643
Indonesia,2021-04-13,17.937162
Indonesia,2021-04-14,18.344988
Indonesia,2021-04-15,18.689796
Indonesia,2021-04-16,18.740005
Indonesia,2021-04-17,18.902931
Indonesia,2021-04-18,19.137585
Indonesia,2021-04-19,19.200603
Indonesia,2021-04-20,19.122215
Indonesia,2021-04-21,19.155005
Indonesia,2021-04-22,19.18882
Indonesia,2021-04-23,19.226221
Indonesia,2021-04-24,18.971584
Indonesia,2021-04-25,18.877827
Indonesia,2021-04-26,19.386072
Indonesia,2021-04-27,18.928549
Indonesia,2021-04-28,18.683136
Indonesia,2021-04-29,18.473074
Indonesia,2021-04-30,18.505865
Indonesia,2021-05-01,18.48947
Indonesia,2021-05-02,18.48537
Indonesia,2021-05-03,17.863384
Indonesia,2021-05-04,17.716343
Indonesia,2021-05-05,17.738886
Indonesia,2021-05-06,17.643589
Indonesia,2021-05-07,18.067299
Indonesia,2021-05-08,18.89627
Indonesia,2021-05-09,18.654444
Indonesia,2021-05-10,18.73693
Indonesia,2021-05-11,19.07098
Indonesia,2021-05-12,18.724123
Indonesia,2021-05-13,17.597479
Indonesia,2021-05-14,15.70488
Indonesia,2021-05-15,13.786152
Indonesia,2021-05-16,13.354758
Indonesia,2021-05-17,13.049401
Indonesia,2021-05-18,12.621081
Indonesia,2021-05-19,12.755828
Indonesia,2021-05-20,13.959324
Indonesia,2021-05-21,15.554251
Indonesia,2021-05-22,17.045685
Indonesia,2021-05-23,18.17284
Indonesia,2021-05-24,18.99874
Indonesia,2021-05-25,19.44704
Indonesia,2021-05-26,19.530552
Indonesia,2021-05-27,19.77699
Indonesia,2021-05-28,19.836422
Indonesia,2021-05-29,20.486586
Indonesia,2021-05-30,20.914394
Indonesia,2021-05-31,20.78887
Indonesia,2021-06-01,20.667955
Indonesia,2021-06-02,20.776573
Indonesia,2021-06-03,20.302654
Indonesia,2021-06-04,20.622358
Indonesia,2021-06-05,20.637215
Indonesia,2021-06-06,20.492222
Indonesia,2021-06-07,21.174152
Indonesia,2021-06-08,21.927298
Indonesia,2021-06-09,23.1974
Indonesia,2021-06-10,25.010584
Indonesia,2021-06-11,25.828796
Indonesia,2021-06-12,26.27505
Indonesia,2021-06-13,28.342869
Indonesia,2021-06-14,28.955633
Indonesia,2021-06-15,29.912178
Indonesia,2021-06-16,31.04907
Indonesia,2021-06-17,32.961136
Indonesia,2021-06-18,35.47521
Indonesia,2021-06-19,38.262875
Indonesia,2021-06-20,40.245132
Indonesia,2021-06-21,43.49698
Indonesia,2021-06-22,46.31846
Indonesia,2021-06-23,49.06667
Indonesia,2021-06-24,53.139805
Indonesia,2021-06-25,56.15341
Indonesia,2021-06-26,60.349
Indonesia,2021-06-27,64.24538
Indonesia,2021-06-28,67.40039
Indonesia,2021-06-29,70.88381
Indonesia,2021-06-30,74.21354
Indonesia,2021-07-01,76.39715
Indonesia,2021-07-02,79.962036
Indonesia,2021-07-03,83.4552
Indonesia,2021-07-04,86.47342
Indonesia,2021-07-05,91.11064
Indonesia,2021-07-06,96.604
Indonesia,2021-07-07,103.04518
Indonesia,2021-07-08,109.990005
Indonesia,2021-07-09,116.288765
Indonesia,2021-07-10,119.9679
Indonesia,2021-07-11,124.560555
Indonesia,2021-07-12,130.03342
Indonesia,2021-07-13,138.59468
Indonesia,2021-07-14,148.91226
Indonesia,2021-07-15,158.32198
Indonesia,2021-07-16,166.45595
Indonesia,2021-07-17,175.09305
Indonesia,2021-07-18,179.46027
Indonesia,2021-07-19,176.2991
Indonesia,2021-07-20,171.39392
Indonesia,2021-07-21,160.76535
Indonesia,2021-07-22,157.05188
Indonesia,2021-07-23,154.52654
Indonesia,2021-07-24,151.17786
Indonesia,2021-07-25,148.08228
Indonesia,2021-07-26,144.99335
Indonesia,2021-07-27,148.51724
Indonesia,2021-07-28,155.6998
Indonesia,2021-07-29,152.61037
Indonesia,2021-07-30,148.56131
Indonesia,2021-07-31,144.39493
Indonesia,2021-08-01,140.3264
Indonesia,2021-08-02,137.34251
Indonesia,2021-08-03,131.55148
Indonesia,2021-08-04,125.4423
Indonesia,2021-08-05,121.48956
Indonesia,2021-08-06,120.651375
Indonesia,2021-08-07,117.8176
Indonesia,2021-08-08,115.60274
Indonesia,2021-08-09,114.734314
Indonesia,2021-08-10,113.80236
Indonesia,2021-08-11,111.11665
Indonesia,2021-08-12,105.45269
Indonesia,2021-08-13,100.97275
Indonesia,2021-08-14,99.35631
Indonesia,2021-08-15,96.48615
Indonesia,2021-08-16,94.78261
Indonesia,2021-08-17,88.97263
Indonesia,2021-08-18,81.36073
Indonesia,2021-08-19,79.999954
Indonesia,2021-08-20,74.47483
Indonesia,2021-08-21,68.401505
Indonesia,2021-08-22,64.09525
Indonesia,2021-08-23,60.10922
Indonesia,2021-08-24,59.271538
Indonesia,2021-08-25,60.758873
Indonesia,2021-08-26,58.11825
Indonesia,2021-08-27,54.33408
Indonesia,2021-08-28,50.90445
Indonesia,2021-08-29,48.352463
Indonesia,2021-08-30,46.217014
Indonesia,2021-08-31,41.8252
Indonesia,2021-09-01,37.555325
Indonesia,2021-09-02,33.485264
Indonesia,2021-09-03,31.015255
Indonesia,2021-09-04,29.312737
Indonesia,2021-09-05,28.275751
Indonesia,2021-09-06,27.751623
Indonesia,2021-09-07,26.043982
Indonesia,2021-09-08,24.196468
Indonesia,2021-09-09,22.67737
Indonesia,2021-09-10,21.436985
Indonesia,2021-09-11,20.55268
Indonesia,2021-09-12,19.720633
Indonesia,2021-09-13,18.779968
Indonesia,2021-09-14,17.205536
Indonesia,2021-09-15,15.779682
Indonesia,2021-09-16,14.322063
Indonesia,2021-09-17,13.532541
Indonesia,2021-09-18,12.704594
Indonesia,2021-09-19,11.913022
Indonesia,2021-09-20,11.582561
Indonesia,2021-09-21,11.139382
Indonesia,2021-09-22,10.510224
Indonesia,2021-09-23,10.374966
Indonesia,2021-09-24,9.72019
Indonesia,2021-09-25,9.080785
Indonesia,2021-09-26,8.837934
Indonesia,2021-09-27,8.560244
Indonesia,2021-09-28,7.9423566
Indonesia,2021-09-29,7.549901
Indonesia,2021-09-30,6.939699
Indonesia,2021-10-01,6.4616823
Indonesia,2021-10-02,6.0912576
Indonesia,2021-10-03,5.774629
Indonesia,2021-10-04,5.534852
Indonesia,2021-10-05,5.200291
Indonesia,2021-10-06,4.95949
Indonesia,2021-10-07,4.8073235
Indonesia,2021-10-08,4.684361
Indonesia,2021-10-09,4.557812
Indonesia,2021-10-10,4.430751
Indonesia,2021-10-11,4.276023
Indonesia,2021-10-12,4.202758
Indonesia,2021-10-13,4.074159
Indonesia,2021-10-14,3.8999624
Indonesia,2021-10-15,3.659673
Indonesia,2021-10-16,3.5725746
Indonesia,2021-10-17,3.49726
Indonesia,2021-10-18,3.500334
Indonesia,2021-10-19,3.316915
Indonesia,2021-10-20,3.1534772
Indonesia,2021-10-21,2.9382927
Indonesia,2021-10-22,2.8588793
Indonesia,2021-10-23,2.7589724
Indonesia,2021-10-24,2.6954417
Indonesia,2021-10-25,2.6103926
Indonesia,2021-10-26,2.4607882
Indonesia,2021-10-27,2.360881
Indonesia,2021-10-28,2.406992
Indonesia,2021-10-29,2.3675416
Indonesia,2021-10-30,2.2742949
Indonesia,2021-10-31,2.2230606
Indonesia,2021-11-01,2.193857
Indonesia,2021-11-02,2.1943693
Indonesia,2021-11-03,2.2363815
Indonesia,2021-11-04,2.1877089
Indonesia,2021-11-05,2.103172
Indonesia,2021-11-06,1.9909687
Indonesia,2021-11-07,1.9504936
Indonesia,2021-11-08,1.8690308
Indonesia,2021-11-09,1.7778336
Indonesia,2021-11-10,1.6133711
Indonesia,2021-11-11,1.5144888
Indonesia,2021-11-12,1.4535198
Indonesia,2021-11-13,1.4320015
Indonesia,2021-11-14,1.3782053
Indonesia,2021-11-15,1.3664213
Indonesia,2021-11-16,1.3218474
Indonesia,2021-11-17,1.3433659
Indonesia,2021-11-18,1.3254339
Indonesia,2021-11-19,1.3054525
Indonesia,2021-11-20,1.3228722
Indonesia,2021-11-21,1.3100636
Indonesia,2021-11-22,1.2921315
Indonesia,2021-11-23,1.3162117
Indonesia,2021-11-24,1.2798352
Indonesia,2021-11-25,1.2654896
Indonesia,2021-11-26,1.3131377
Indonesia,2021-11-27,1.3187734
Indonesia,2021-11-28,1.2931561
Indonesia,2021-11-29,1.2880328
Indonesia,2021-11-30,1.2383354
Indonesia,2021-12-01,1.1496999
Indonesia,2021-12-02,1.118447
Indonesia,2021-12-03,1.0118793
Indonesia,2021-12-04,0.930929
Indonesia,2021-12-05,0.8960896
Indonesia,2021-12-06,0.8725218
Indonesia,2021-12-07,0.8540774
Indonesia,2021-12-08,0.8469046
Indonesia,2021-12-09,0.8002813
Indonesia,2021-12-10,0.7731271
Indonesia,2021-12-11,0.76390487
Indonesia,2021-12-12,0.74699754
Indonesia,2021-12-13,0.7347013
Indonesia,2021-12-14,0.69832486
Indonesia,2021-12-15,0.66809654
Indonesia,2021-12-16,0.66451013
Indonesia,2021-12-17,0.7152322
Indonesia,2021-12-18,0.7172816
Indonesia,2021-12-19,0.71779394
Indonesia,2021-12-20,0.7316272
Indonesia,2021-12-21,0.74494815
Indonesia,2021-12-22,0.7316272
Indonesia,2021-12-23,0.6921767
Indonesia,2021-12-24,0.6476028
Indonesia,2021-12-25,0.6593867
Indonesia,2021-12-26,0.6224979
Indonesia,2021-12-27,0.61583745
Indonesia,2021-12-28,0.6476028
Indonesia,2021-12-29,0.6552879
Indonesia,2021-12-30,0.6824422
Indonesia,2021-12-31,0.6701459
Indonesia,2022-01-01,0.67988044
Indonesia,2022-01-02,0.72189265
Indonesia,2022-01-03,0.7961826
Indonesia,2022-01-04,0.80694175
Indonesia,2022-01-05,0.91453403
Indonesia,2022-01-06,1.0907804
Indonesia,2022-01-07,1.2639526
Indonesia,2022-01-08,1.3689831
Indonesia,2022-01-09,1.5508652
Indonesia,2022-01-10,1.6476983
Indonesia,2022-01-11,1.9054073
Indonesia,2022-01-12,2.0293944
Indonesia,2022-01-13,2.1626039
Indonesia,2022-01-14,2.3327022
Indonesia,2022-01-15,2.6273
Indonesia,2022-01-16,2.7943242
Indonesia,2022-01-17,2.9572494
Indonesia,2022-01-18,3.244162
Indonesia,2022-01-19,3.807228
Indonesia,2022-01-20,4.4850593
Indonesia,2022-01-21,5.3837104
Indonesia,2022-01-22,6.4857626
Indonesia,2022-01-23,7.5463142
Indonesia,2022-01-24,8.650415
Indonesia,2022-01-25,10.4518175
Indonesia,2022-01-26,13.149308
Indonesia,2022-01-27,16.20339
Indonesia,2022-01-28,19.944014
Indonesia,2022-01-29,24.238995
Indonesia,2022-01-30,29.104725
Indonesia,2022-01-31,32.82332
Indonesia,2022-02-01,38.532368
Indonesia,2022-02-02,44.10923
Indonesia,2022-02-03,53.905247
Indonesia,2022-02-04,65.333595
Indonesia,2022-02-05,76.6774
Indonesia,2022-02-06,88.78665
Indonesia,2022-02-07,96.95136
Indonesia,2022-02-08,107.951904
Indonesia,2022-02-09,122.78323
Indonesia,2022-02-10,129.65941
Indonesia,2022-02-11,133.90059
Indonesia,2022-02-12,144.90573
Indonesia,2022-02-13,149.24478
Indonesia,2022-02-14,154.56291
Indonesia,2022-02-15,164.58282
Indonesia,2022-02-16,173.74097
Indonesia,2022-02-17,185.69804
Indonesia,2022-02-18,195.50739
Indonesia,2022-02-19,197.64642
Indonesia,2022-02-20,199.67429
Indonesia,2022-02-21,198.60707
Indonesia,2022-02-22,198.83353
Indonesia,2022-02-23,197.17865
Indonesia,2022-02-24,193.83305
Indonesia,2022-02-25,188.61328
Indonesia,2022-02-26,182.08551
Indonesia,2022-02-27,175.16476
Indonesia,2022-02-28,170.36719
Indonesia,2022-03-01,153.58125
Indonesia,2022-03-02,143.04337
Indonesia,2022-03-03,132.71092
Indonesia,2022-03-04,120.87578
Indonesia,2022-03-05,112.428764
Indonesia,2022-03-06,107.24948
Indonesia,2022-03-07,105.36713
Indonesia,2022-03-08,108.14403
Indonesia,2022-03-09,100.672005
Indonesia,2022-03-10,92.501144
Indonesia,2022-03-11,87.25628
Indonesia,2022-03-12,79.43996
Indonesia,2022-03-13,72.63501
Indonesia,2022-03-14,66.61445
Indonesia,2022-03-15,58.55016
Indonesia,2022-03-16,51.72676
Indonesia,2022-03-17,46.71655
Indonesia,2022-03-18,43.3443
Indonesia,2022-03-19,39.784023
Indonesia,2022-03-20,36.882618
Indonesia,2022-03-21,34.356762
Indonesia,2022-03-22,30.799046
Indonesia,2022-03-23,27.396057
Indonesia,2022-03-24,24.4634
Indonesia,2022-03-25,22.070242
Indonesia,2022-03-26,20.142803
Indonesia,2022-03-27,18.685184
Indonesia,2022-03-28,17.71122
Indonesia,2022-03-29,15.882664
Indonesia,2022-03-30,14.583359
Indonesia,2022-03-31,13.3147955
Indonesia,2022-04-01,12.327509
Indonesia,2022-04-02,11.359691
Indonesia,2022-04-03,10.773569
Indonesia,2022-04-04,10.191034
Indonesia,2022-04-05,9.364623
Indonesia,2022-04-06,8.626848
Indonesia,2022-04-07,7.9900045
Indonesia,2022-04-08,7.388
Indonesia,2022-04-09,6.96173
Indonesia,2022-04-10,6.5200896
Indonesia,2022-04-11,6.2818494
Indonesia,2022-04-12,5.858141
Indonesia,2022-04-13,5.423161
Indonesia,2022-04-14,4.779657
Indonesia,2022-04-15,4.3528743
Indonesia,2022-04-16,3.9091845
Indonesia,2022-04-17,3.671457
Indonesia,2022-04-18,3.3450937
Indonesia,2022-04-19,3.0284653
Indonesia,2022-04-20,2.6134667
Indonesia,2022-04-21,2.4864054
Indonesia,2022-04-22,2.3475602
Indonesia,2022-04-23,2.3065727
Indonesia,2022-04-24,2.1912951
Indonesia,2022-04-25,2.067308
Indonesia,2022-04-26,1.9335861
Indonesia,2022-04-27,1.8700556
Indonesia,2022-04-28,1.78142
Indonesia,2022-04-29,1.65026
Indonesia,2022-04-30,1.5513775
Indonesia,2022-05-01,1.4806741
Indonesia,2022-05-02,1.4043349
Indonesia,2022-05-03,1.1640456
Indonesia,2022-05-04,0.9381018
Indonesia,2022-05-05,0.8551021
Indonesia,2022-05-06,0.7782505
Indonesia,2022-05-07,0.72138035
Indonesia,2022-05-08,0.7126705
Indonesia,2022-05-09,0.75673205
Indonesia,2022-05-10,0.9355401
Indonesia,2022-05-11,1.0503051
Indonesia,2022-05-12,1.0938544
Indonesia,2022-05-13,1.1399653
Indonesia,2022-05-14,1.1860763
Indonesia,2022-05-15,1.2014467
Indonesia,2022-05-16,1.1645578
Indonesia,2022-05-17,1.057478
Indonesia,2022-05-18,1.0200769
Indonesia,2022-05-19,1.011367
Indonesia,2022-05-20,0.9678178
Indonesia,2022-05-21,0.9447623
Indonesia,2022-05-22,0.929392
Indonesia,2022-05-23,0.9252932
Indonesia,2022-05-24,0.9755029
Indonesia,2022-05-25,0.9693548
Indonesia,2022-05-26,0.93246603
Indonesia,2022-05-27,0.9191451
Indonesia,2022-05-28,0.9273426
Indonesia,2022-05-29,0.9350278
Indonesia,2022-05-30,0.9575709
Indonesia,2022-05-31,0.95500916
Indonesia,2022-06-01,0.9821634
Indonesia,2022-06-02,1.0118793
Indonesia,2022-06-03,1.0877063
Indonesia,2022-06-04,1.1471381
Indonesia,2022-06-05,1.2219404
Indonesia,2022-06-06,1.2854711
Indonesia,2022-06-07,1.3766682
Indonesia,2022-06-08,1.4545445
Indonesia,2022-06-09,1.5836552
Indonesia,2022-06-10,1.7143029
Indonesia,2022-06-11,1.8060125
Indonesia,2022-06-12,1.8895246
Indonesia,2022-06-13,2.0170982
Indonesia,2022-06-14,2.228184
Indonesia,2022-06-15,2.5980964
Indonesia,2022-06-16,2.9142125
Indonesia,2022-06-17,3.2180326
Indonesia,2022-06-18,3.57155
Indonesia,2022-06-19,3.8871539
Indonesia,2022-06-20,4.1889243
Indonesia,2022-06-21,4.572158
Indonesia,2022-06-22,4.9528294
Indonesia,2022-06-23,5.32889
Indonesia,2022-06-24,5.76387
Indonesia,2022-06-25,6.054369
Indonesia,2022-06-26,6.3407693
Indonesia,2022-06-27,6.47654
Indonesia,2022-06-28,6.7270765
Indonesia,2022-06-29,6.811101
Indonesia,2022-06-30,6.9858103
Indonesia,2022-07-01,6.975563
Indonesia,2022-07-02,6.9566064
Indonesia,2022-07-03,6.899224
Indonesia,2022-07-04,6.893588
Indonesia,2022-07-05,7.103649
Indonesia,2022-07-06,7.4079814
Indonesia,2022-07-07,7.7322955
Indonesia,2022-07-08,7.949017
Indonesia,2022-07-09,8.415762
Indonesia,2022-07-10,8.908637
Indonesia,2022-07-11,9.035186
Indonesia,2022-07-12,9.436864
Indonesia,2022-07-13,9.989683
Indonesia,2022-07-14,10.349861
Indonesia,2022-07-15,10.789965
Indonesia,2022-07-16,11.622011
Indonesia,2022-07-17,12.115911
Indonesia,2022-07-18,12.993043
Indonesia,2022-07-19,13.876325
Indonesia,2022-07-20,14.814426
Indonesia,2022-07-21,15.749967
Indonesia,2022-07-22,16.52002
Indonesia,2022-07-23,16.834599
Indonesia,2022-07-24,17.106653
Indonesia,2022-07-25,17.442238
Indonesia,2022-07-26,18.158495
Indonesia,2022-07-27,18.560686
Indonesia,2022-07-28,19.043825
Indonesia,2022-07-29,19.554632
Indonesia,2022-07-30,19.787748
Indonesia,2022-07-31,19.856403
Indonesia,2022-08-01,19.676058
Indonesia,2022-08-02,19.33996
Indonesia,2022-08-03,19.201115
Indonesia,2022-08-04,19.290262
Indonesia,2022-08-05,19.340473
Indonesia,2022-08-06,19.369677
Indonesia,2022-08-07,19.40759
Indonesia,2022-08-08,19.781088
Indonesia,2022-08-09,20.011131
Indonesia,2022-08-10,19.887657
Indonesia,2022-08-11,19.377874
Indonesia,2022-08-12,19.460875
Indonesia,2022-08-13,19.28104
Indonesia,2022-08-14,19.364553
Indonesia,2022-08-15,18.93572
Indonesia,2022-08-16,18.727198
Indonesia,2022-08-17,18.38239
Indonesia,2022-08-18,17.61746
Indonesia,2022-08-19,17.142004
Indonesia,2022-08-20,17.048758
Indonesia,2022-08-21,16.796173
Indonesia,2022-08-22,16.648617
Indonesia,2022-08-23,16.130638
Indonesia,2022-08-24,16.220299
Indonesia,2022-08-25,16.822302
Indonesia,2022-08-26,16.507723
Indonesia,2022-08-27,16.12244
Indonesia,2022-08-28,15.75304
Indonesia,2022-08-29,15.533245
Indonesia,2022-08-30,15.641862
Indonesia,2022-08-31,15.198684
Indonesia,2022-09-01,14.624859
Indonesia,2022-09-02,14.146842
Indonesia,2022-09-03,13.680609
Indonesia,2022-09-04,13.442882
Indonesia,2022-09-05,13.170827
Indonesia,2022-09-06,12.4212675
Indonesia,2022-09-07,11.8833065
Indonesia,2022-09-08,11.393505
Indonesia,2022-09-09,10.977482
Indonesia,2022-09-10,10.643947
Indonesia,2022-09-11,10.221262
Indonesia,2022-09-12,9.969189
Indonesia,2022-09-13,9.604913
Indonesia,2022-09-14,9.239099
Indonesia,2022-09-15,8.989588
Indonesia,2022-09-16,8.761082
Indonesia,2022-09-17,8.48954
Indonesia,2022-09-18,8.358379
Indonesia,2022-09-19,8.241566
Indonesia,2022-09-20,8.047899
Indonesia,2022-09-21,7.8352766
Indonesia,2022-09-22,7.58474
Indonesia,2022-09-23,7.352136
Indonesia,2022-09-24,7.170254
Indonesia,2022-09-25,7.0308967
Indonesia,2022-09-26,6.8894897
Indonesia,2022-09-27,6.6117992
Indonesia,2022-09-28,6.3715096
Indonesia,2022-09-29,6.290047
Indonesia,2022-09-30,6.265967
Indonesia,2022-10-01,6.222418
Indonesia,2022-10-02,6.176819
Indonesia,2022-10-03,6.0692267
Indonesia,2022-10-04,6.0051837
Indonesia,2022-10-05,5.9063015
Indonesia,2022-10-06,5.818178
Indonesia,2022-10-07,5.6357837
Indonesia,2022-10-08,4.796052
Indonesia,2022-10-09,5.3094206
Indonesia,2022-10-10,5.3406734
Indonesia,2022-10-11,5.4564633
Indonesia,2022-10-12,5.6132407
Indonesia,2022-10-13,5.612728
Indonesia,2022-10-14,5.758746
Indonesia,2022-10-15,6.6184597
Indonesia,2022-10-16,6.10714
Indonesia,2022-10-17,6.1266093
Indonesia,2022-10-18,6.171183
Indonesia,2022-10-19,6.356652
Indonesia,2022-10-20,6.60104
Indonesia,2022-10-21,6.8269835
Indonesia,2022-10-22,7.0365324
Indonesia,2022-10-23,7.2204638
Indonesia,2022-10-24,7.4612656
Indonesia,2022-10-25,7.893684
Indonesia,2022-10-26,8.230806
Indonesia,2022-10-27,8.6007185
Indonesia,2022-10-28,9.004445
Indonesia,2022-10-29,9.544456
Indonesia,2022-10-30,10.073195
Indonesia,2022-10-31,10.459502
Indonesia,2022-11-01,11.329975
Indonesia,2022-11-02,12.265002
Indonesia,2022-11-03,13.249727
Indonesia,2022-11-04,14.42197
Indonesia,2022-11-05,15.229424
Indonesia,2022-11-06,15.71359
Indonesia,2022-11-07,16.416014
Indonesia,2022-11-08,17.386393
Indonesia,2022-11-09,18.059101
Indonesia,2022-11-10,18.747179
Indonesia,2022-11-11,19.230831
Indonesia,2022-11-12,19.979877
Indonesia,2022-11-13,20.602377
Indonesia,2022-11-14,20.899536
Indonesia,2022-11-15,21.561483
Indonesia,2022-11-16,22.739876
Indonesia,2022-11-17,23.522738
Indonesia,2022-11-18,23.754316
Indonesia,2022-11-19,23.858835
Indonesia,2022-11-20,24.009975
Indonesia,2022-11-21,23.957716
Indonesia,2022-11-22,23.830143
Indonesia,2022-11-23,23.182028
Indonesia,2022-11-24,22.81724
Indonesia,2022-11-25,22.446814
Indonesia,2022-11-26,21.978533
Indonesia,2022-11-27,21.45543
Indonesia,2022-11-28,20.901585
Indonesia,2022-11-29,19.939404
Indonesia,2022-11-30,19.113504
Indonesia,2022-12-01,18.020676
Indonesia,2022-12-02,17.099993
Indonesia,2022-12-03,16.1706
Indonesia,2022-12-04,15.349314
Indonesia,2022-12-05,14.84158
Indonesia,2022-12-06,13.805621
Indonesia,2022-12-07,12.648748
Indonesia,2022-12-08,11.624061
Indonesia,2022-12-09,10.764347
Indonesia,2022-12-10,10.014276
Indonesia,2022-12-11,9.522938
Indonesia,2022-12-12,9.005982
Indonesia,2022-12-13,8.172399
Indonesia,2022-12-14,7.549901
Indonesia,2022-12-15,6.939187
Indonesia,2022-12-16,6.4012256
Indonesia,2022-12-17,5.9104
Indonesia,2022-12-18,5.5369015
Indonesia,2022-12-19,5.323766
Indonesia,2022-12-20,4.903644
Indonesia,2022-12-21,4.3846397
Indonesia,2022-12-22,4.009604
Indonesia,2022-12-23,3.7390864
Indonesia,2022-12-24,3.509044
Indonesia,2022-12-25,3.3440692
Indonesia,2022-12-26,3.16936
Indonesia,2022-12-27,2.916262
Indonesia,2022-12-28,2.6969788
Indonesia,2022-12-29,2.5084362
Indonesia,2022-12-30,2.3183565
Indonesia,2022-12-31,2.1667027
Indonesia,2023-01-01,2.0785794
Indonesia,2023-01-02,1.9730366
Indonesia,2023-01-03,1.8956727
Indonesia,2023-01-04,1.845463
Indonesia,2023-01-05,1.7686114
Indonesia,2023-01-06,1.7517041
Indonesia,2023-01-07,1.7347968
Indonesia,2023-01-08,1.7240375
Indonesia,2023-01-09,1.7260869
Indonesia,2023-01-10,1.6323279
Indonesia,2023-01-11,1.5324209
Indonesia,2023-01-12,1.4694026
Indonesia,2023-01-13,1.3894769
Indonesia,2023-01-14,1.3556622
Indonesia,2023-01-15,1.3013537
Indonesia,2023-01-16,1.2803476
Indonesia,2023-01-17,1.2229651
Indonesia,2023-01-18,1.1906874
Indonesia,2023-01-19,1.1384283
Indonesia,2023-01-20,1.1020519
Indonesia,2023-01-21,1.024688
Indonesia,2023-01-22,1.0139288
Indonesia,2023-01-23,0.9596203
Indonesia,2023-01-24,0.8884045
Indonesia,2023-01-25,0.8551021
Indonesia,2023-01-26,0.8612502
Indonesia,2023-01-27,0.81975037
Indonesia,2023-01-28,0.7997689
Indonesia,2023-01-29,0.7726147
Indonesia,2023-01-30,0.8054047
Indonesia,2023-01-31,0.8269232
Indonesia,2023-02-01,0.82641083
Indonesia,2023-02-02,0.7884974
Indonesia,2023-02-03,0.8038677
Indonesia,2023-02-04,0.79720724
Indonesia,2023-02-05,0.8002813
Indonesia,2023-02-06,0.79310846
Indonesia,2023-02-07,0.86073786
Indonesia,2023-02-08,0.8556144
Indonesia,2023-02-09,0.84126884
Indonesia,2023-02-10,0.8402441
Indonesia,2023-02-11,0.84741694
Indonesia,2023-02-12,0.8525404
Indonesia,2023-02-13,0.8525404
Indonesia,2023-02-14,0.7782505
Indonesia,2023-02-15,0.7782505
Indonesia,2023-02-16,0.77773815
Indonesia,2023-02-17,0.7654419
Indonesia,2023-02-18,0.76031846
Indonesia,2023-02-19,0.72547907
Indonesia,2023-02-20,0.6998619
Indonesia,2023-02-21,0.7126705
Indonesia,2023-02-22,0.68654096
Indonesia,2023-02-23,0.6844916
Indonesia,2023-02-24,0.6952508
Indonesia,2023-02-25,0.69115204
Indonesia,2023-02-26,0.72394204
Indonesia,2023-02-27,0.7408494
Indonesia,2023-02-28,0.7377753
Indonesia,2023-03-01,0.7582691
Indonesia,2023-03-02,0.7905468
Indonesia,2023-03-03,0.77773815
Indonesia,2023-03-04,0.7905468
Indonesia,2023-03-05,0.7843986
Indonesia,2023-03-06,0.7802999
Indonesia,2023-03-07,0.7992566
Indonesia,2023-03-08,0.82999724
Indonesia,2023-03-09,0.84485525
Indonesia,2023-03-10,0.8878921
Indonesia,2023-03-11,0.94783634
Indonesia,2023-03-12,0.9775523
Indonesia,2023-03-13,1.0175152
Indonesia,2023-03-14,1.0569656
Indonesia,2023-03-15,1.0825828
Indonesia,2023-03-16,1.1163975
Indonesia,2023-03-17,1.1307431
Indonesia,2023-03-18,1.1466259
Indonesia,2023-03-19,1.1717306
Indonesia,2023-03-20,1.1778789
Indonesia,2023-03-21,1.2255268
Indonesia,2023-03-22,1.2701007
Indonesia,2023-03-23,1.234749
Indonesia,2023-03-24,1.2521687
Indonesia,2023-03-25,1.2936685
Indonesia,2023-03-26,1.3725696
Indonesia,2023-03-27,1.4212422
Indonesia,2023-03-28,1.4407113
Indonesia,2023-03-29,1.5078284
Indonesia,2023-03-30,1.636939
Indonesia,2023-03-31,1.6922722
Indonesia,2023-04-01,1.7178893
Indonesia,2023-04-02,1.7061055
Indonesia,2023-04-03,1.7061055
Indonesia,2023-04-04,1.7599015
Indonesia,2023-04-05,1.8034508
Indonesia,2023-04-06,1.8213829
Indonesia,2023-04-07,1.9002838
Indonesia,2023-04-08,1.8664691
Indonesia,2023-04-09,1.9494689
Indonesia,2023-04-10,2.0340056
Indonesia,2023-04-11,2.2020545
Indonesia,2023-04-12,2.3670292
Indonesia,2023-04-13,2.5714545
Indonesia,2023-04-14,2.7753673
Indonesia,2023-04-15,3.0422986
Indonesia,2023-04-16,3.2159832
Indonesia,2023-04-17,3.3343346
Indonesia,2023-04-18,3.53876
Indonesia,2023-04-19,3.6694076
Indonesia,2023-04-20,3.7488208
Indonesia,2023-04-21,3.690926
Indonesia,2023-04-22,3.594093
Indonesia,2023-04-23,3.3276742
Indonesia,2023-04-24,3.273878
Indonesia,2023-04-25,3.1837056
Indonesia,2023-04-26,3.2641435
Indonesia,2023-04-27,3.640204
Indonesia,2023-04-28,4.23606
Indonesia,2023-04-29,4.9133787
Indonesia,2023-04-30,5.5235806
Indonesia,2023-05-01,5.662938
Indonesia,2023-05-02,5.767456
Indonesia,2023-05-03,6.4068613
Indonesia,2023-05-04,6.6825027
Indonesia,2023-05-05,6.7106814
Indonesia,2023-05-06,6.6158977
Indonesia,2023-05-07,6.4724417
Indonesia,2023-05-08,6.604114
Indonesia,2023-05-09,7.2430067
Indonesia,2023-05-10,6.7926564
Indonesia,2023-05-11,5.995449
Indonesia,2023-05-12,5.6619134
Indonesia,2023-05-13,5.331964
Indonesia,2023-05-14,5.1142178
Indonesia,2023-05-15,4.915428
Indonesia,2023-05-16,3.9014995
Indonesia,2023-05-17,3.5203154
Indonesia,2023-05-18,3.4198961
Indonesia,2023-05-19,2.9316323
Indonesia,2023-05-20,2.6380591
Indonesia,2023-05-21,2.4356833
Indonesia,2023-05-22,2.2630234
Indonesia,2023-05-23,2.442856
Indonesia,2023-05-24,2.3209183
Indonesia,2023-05-25,2.2973504
Indonesia,2023-05-26,2.3362885
Indonesia,2023-05-27,2.24919
Indonesia,2023-05-28,2.15082
Indonesia,2023-05-29,2.0647461
Indonesia,2023-05-30,1.8347038
Indonesia,2023-05-31,1.6512847
Indonesia,2023-06-01,1.5211493
Indonesia,2023-06-02,1.3080142
Indonesia,2023-06-03,1.1799282
Indonesia,2023-06-04,1.1522616
Indonesia,2023-06-05,1.139453
Indonesia,2023-06-06,1.0477434
Indonesia,2023-06-07,0.95500916
Indonesia,2023-06-08,0.898139
Indonesia,2023-06-09,0.9042871
Indonesia,2023-06-10,0.8709848
Indonesia,2023-06-11,0.81052816
Indonesia,2023-06-12,0.752121
Indonesia,2023-06-13,0.6593867
Indonesia,2023-06-14,0.6260843
Indonesia,2023-06-15,0.5876585
Indonesia,2023-06-16,0.57484996
Indonesia,2023-06-17,0.5374488
Indonesia,2023-06-18,0.5169551
Indonesia,2023-06-19,0.49441195
Indonesia,2023-06-20,0.46777004
Indonesia,2023-06-21,0.43293065
Indonesia,2023-06-22,0.38425797
Indonesia,2023-06-23,0.35607907
Indonesia,2023-06-24,0.3355853
Indonesia,2023-06-25,0.33404827
Indonesia,2023-06-26,0.31611624
Indonesia,2023-06-27,0.29049903
Indonesia,2023-06-28,0.25668433
Indonesia,2023-06-29,0.23619057
Indonesia,2023-06-30,0.19315368
Indonesia,2023-07-01,0.17368461
Indonesia,2023-07-02,0.1572896
Indonesia,2023-07-03,0.15831429
Indonesia,2023-07-04,0.14857976
Indonesia,2023-07-05,0.14601803
Indonesia,2023-07-06,0.14499335
Indonesia,2023-07-07,0.1526785
Indonesia,2023-07-08,0.15780194
Indonesia,2023-07-09,0.15472788
Indonesia,2023-07-10,0.1490921
Indonesia,2023-07-11,0.1526785
Indonesia,2023-07-12,0.15472788
Indonesia,2023-07-13,0.15524022
Indonesia,2023-07-14,0.15216616
Indonesia,2023-07-15,0.1526785
Indonesia,2023-07-16,0.14396866
Indonesia,2023-07-17,0.13935757
Indonesia,2023-07-18,0.12091318
Indonesia,2023-07-19,0.104518175
Indonesia,2023-07-20,0.090172544
Indonesia,2023-07-21,0.08709848
Indonesia,2023-07-22,0.07838863
Indonesia,2023-07-23,0.075826906
Indonesia,2023-07-24,0.07941332
Indonesia,2023-07-25,0.0768516
Indonesia,2023-07-26,0.079925664
Indonesia,2023-07-27,0.08351207
Indonesia,2023-07-28,0.07480222
Indonesia,2023-07-29,0.071215816
Indonesia,2023-07-30,0.075826906
Indonesia,2023-07-31,0.07275285
Indonesia,2023-08-01,0.07633925
Indonesia,2023-08-02,0.075826906
Indonesia,2023-08-03,0.07070347
Indonesia,2023-08-04,0.07326519
Indonesia,2023-08-05,0.06814175
Indonesia,2023-08-06,0.06609237
Indonesia,2023-08-07,0.05687018
Indonesia,2023-08-08,0.046110958
Indonesia,2023-08-09,0.044061583
Indonesia,2023-08-10,0.044061583
Indonesia,2023-08-11,0.044061583
Indonesia,2023-08-12,0.040987518
Indonesia,2023-08-13,0.036888767
Indonesia,2023-08-14,0.04252455
Indonesia,2023-08-15,0.045598615
Indonesia,2023-08-16,0.040475175
Indonesia,2023-08-17,0.039962832
Indonesia,2023-08-18,0.03330236
Indonesia,2023-08-19,0.03227767
Indonesia,2023-08-20,0.033814702
Indonesia,2023-08-21,0.02817892
Indonesia,2023-08-22,0.024592511
Indonesia,2023-08-23,0.025104854
Indonesia,2023-08-24,0.023567824
Indonesia,2023-08-25,0.024080167
Indonesia,2023-08-26,0.031765327
Indonesia,2023-08-27,0.03483939
Indonesia,2023-08-28,0.036888767
Indonesia,2023-08-29,0.036376424
Indonesia,2023-08-30,0.035351735
Indonesia,2023-08-31,0.040475175
Indonesia,2023-09-01,0.044061583
Indonesia,2023-09-02,0.039450485
Indonesia,2023-09-03,0.033814702
Indonesia,2023-09-04,0.031252984
Indonesia,2023-09-05,0.027154231
Indonesia,2023-09-06,0.02817892
Indonesia,2023-09-07,0.018956726
Indonesia,2023-09-08,0.0128085995
Indonesia,2023-09-09,0.0071728155
Indonesia,2023-09-10,0.005635784
Indonesia,2023-09-11,0.004611096
Indonesia,2023-09-12,0.0035864078
Indonesia,2023-09-13,0.026129544
Indonesia,2023-09-14,0.026129544
Indonesia,2023-09-15,0.026129544
Indonesia,2023-09-16,0.026129544
Indonesia,2023-09-17,0.026129544
Indonesia,2023-09-18,0.026129544
Indonesia,2023-09-19,0.026129544
Indonesia,2023-09-20,0.0
Indonesia,2023-09-21,0.0
Indonesia,2023-09-22,0.0
Indonesia,2023-09-23,0.0
Indonesia,2023-09-24,0.0
Indonesia,2023-09-25,0.0
Indonesia,2023-09-26,0.0
Indonesia,2023-09-27,0.0
Indonesia,2023-09-28,0.0
Indonesia,2023-09-29,0.0
Indonesia,2023-09-30,0.0
Indonesia,2023-10-01,0.0
Indonesia,2023-10-02,0.0
Indonesia,2023-10-03,0.0
Indonesia,2023-10-04,0.0
Indonesia,2023-10-05,0.0
Indonesia,2023-10-06,0.0
Indonesia,2023-10-07,0.0
Indonesia,2023-10-08,0.0
Indonesia,2023-10-09,0.0
Indonesia,2023-10-10,0.0
Indonesia,2023-10-11,0.0
Indonesia,2023-10-12,0.0
Indonesia,2023-10-13,0.0
Indonesia,2023-10-14,0.0
Indonesia,2023-10-15,0.0
Indonesia,2023-10-16,0.0
Indonesia,2023-10-17,0.0
Indonesia,2023-10-18,0.0
Indonesia,2023-10-19,0.0
Indonesia,2023-10-20,0.0
Indonesia,2023-10-21,0.0
Indonesia,2023-10-22,0.0
Indonesia,2023-10-23,0.0
Indonesia,2023-10-24,0.0
Indonesia,2023-10-25,0.0
Indonesia,2023-10-26,0.0
Indonesia,2023-10-27,0.0
Indonesia,2023-10-28,0.0
Indonesia,2023-10-29,0.0
Indonesia,2023-10-30,0.0
Indonesia,2023-10-31,0.0
Indonesia,2023-11-01,0.0
Indonesia,2023-11-02,0.0
Indonesia,2023-11-03,0.0
Indonesia,2023-11-04,0.0
Indonesia,2023-11-05,0.0
Indonesia,2023-11-06,0.0
Indonesia,2023-11-07,0.0
Indonesia,2023-11-08,0.0
Indonesia,2023-11-09,0.0
Indonesia,2023-11-10,0.0
Indonesia,2023-11-11,0.0
Indonesia,2023-11-12,0.0
Indonesia,2023-11-13,0.0
Indonesia,2023-11-14,0.0
Indonesia,2023-11-15,0.0
Indonesia,2023-11-16,0.0
Indonesia,2023-11-17,0.0
Indonesia,2023-11-18,0.0
Indonesia,2023-11-19,0.0
Indonesia,2023-11-20,0.0
Indonesia,2023-11-21,0.0
Indonesia,2023-11-22,0.0
Indonesia,2023-11-23,0.0
Indonesia,2023-11-24,0.0
Indonesia,2023-11-25,0.0
Indonesia,2023-11-26,0.0
Indonesia,2023-11-27,0.0
Indonesia,2023-11-28,0.0
Indonesia,2023-11-29,0.0
Indonesia,2023-11-30,0.0
Indonesia,2023-12-01,0.0
Indonesia,2023-12-02,0.0
Indonesia,2023-12-03,0.0
Indonesia,2023-12-04,0.0
Indonesia,2023-12-05,0.4308813
Indonesia,2023-12-06,0.5569179
Indonesia,2023-12-07,0.5569179
Indonesia,2023-12-08,0.7562197
Indonesia,2023-12-09,0.82384914
Indonesia,2023-12-10,0.8848181
Indonesia,2023-12-11,0.94732404
Indonesia,2023-12-12,0.66912127
Indonesia,2023-12-13,0.5430846
Indonesia,2023-12-14,0.8899415
Indonesia,2023-12-15,0.86278725
Indonesia,2023-12-16,0.9739659
Indonesia,2023-12-17,1.0236633
Indonesia,2023-12-18,1.0856569
Indonesia,2023-12-19,1.1650702
Indonesia,2023-12-20,1.4140694
Indonesia,2023-12-21,1.2993044
Indonesia,2023-12-22,1.333119
Indonesia,2023-12-23,1.3454152
Indonesia,2023-12-24,1.3710325
Indonesia,2023-12-25,1.3341438
Indonesia,2023-12-26,1.1993972
Indonesia,2023-12-27,1.1199839
Indonesia,2023-12-28,1.094879
Indonesia,2023-12-29,1.0544039
Indonesia,2023-12-30,1.026225
Indonesia,2023-12-31,0.9939473
Indonesia,2024-01-01,0.978577
Indonesia,2024-01-02,0.978577
Indonesia,2024-01-03,1.0159781
Indonesia,2024-01-04,1.0159781
Indonesia,2024-01-05,1.0354472
Indonesia,2024-01-06,1.0088053
Indonesia,2024-01-07,1.0226386
Indonesia,2024-01-08,1.0646508
Indonesia,2024-01-09,1.1368912
Indonesia,2024-01-10,1.0830952
Indonesia,2024-01-11,1.0328854
Indonesia,2024-01-12,0.9734536
Indonesia,2024-01-13,0.9560339
Indonesia,2024-01-14,0.9078735
Indonesia,2024-01-15,0.87200946
Indonesia,2024-01-16,0.8166763
Indonesia,2024-01-17,0.78542334
Indonesia,2024-01-18,0.75058395
Indonesia,2024-01-19,0.7034483
Indonesia,2024-01-20,0.6465781
Indonesia,2024-01-21,0.6209609
Indonesia,2024-01-22,0.5979054
Indonesia,2024-01-23,0.5938067
Indonesia,2024-01-24,0.5492327
Indonesia,2024-01-25,0.48826382
Indonesia,2024-01-26,0.4867268
Indonesia,2024-01-27,0.4790416
Indonesia,2024-01-28,0.47084412
Indonesia,2024-01-29,0.4518874
Indonesia,2024-01-30,0.40372705
Indonesia,2024-01-31,0.38272095
Indonesia,2024-02-01,0.38169625
Indonesia,2024-02-02,0.338147
Indonesia,2024-02-03,0.3181656
Indonesia,2024-02-04,0.30689403
Indonesia,2024-02-05,0.27051762
Indonesia,2024-02-06,0.208524
Indonesia,2024-02-07,0.15216616
Indonesia,2024-02-08,0.092221916
Indonesia,2024-02-09,0.058919556
Indonesia,2024-02-10,0.024592511
Indonesia,2024-02-11,0.029715952
Indonesia,2024-02-12,0.029715952
Indonesia,2024-02-13,0.029715952
Indonesia,2024-02-14,0.029715952
Indonesia,2024-02-15,0.029715952
Indonesia,2024-02-16,0.029715952
Indonesia,2024-02-17,0.029715952
Indonesia,2024-02-18,0.0
Indonesia,2024-02-19,0.0
Indonesia,2024-02-20,0.0
Indonesia,2024-02-21,0.0
Indonesia,2024-02-22,0.021006104
Indonesia,2024-02-23,0.021006104
Indonesia,2024-02-24,0.021006104
Indonesia,2024-02-25,0.021006104
Indonesia,2024-02-26,0.021006104
Indonesia,2024-02-27,0.021006104
Indonesia,2024-02-28,0.021006104
Indonesia,2024-02-29,0.0
Indonesia,2024-03-01,0.18393148
Indonesia,2024-03-02,0.18393148
Indonesia,2024-03-03,0.2259437
Indonesia,2024-03-04,0.2259437
Indonesia,2024-03-05,0.2259437
Indonesia,2024-03-06,0.2259437
Indonesia,2024-03-07,0.2259437
Indonesia,2024-03-08,0.042012207
Indonesia,2024-03-09,0.06660472
Indonesia,2024-03-10,0.024592511
Indonesia,2024-03-11,0.024592511
Indonesia,2024-03-12,0.024592511
Indonesia,2024-03-13,0.024592511
Indonesia,2024-03-14,0.024592511
Indonesia,2024-03-15,0.0384258
Indonesia,2024-03-16,0.014345631
Indonesia,2024-03-17,0.014345631
Indonesia,2024-03-18,0.014345631
Indonesia,2024-03-19,0.014345631
Indonesia,2024-03-20,0.014345631
Indonesia,2024-03-21,0.014345631
Indonesia,2024-03-22,0.015882663
Indonesia,2024-03-23,0.017932039
Indonesia,2024-03-24,0.017932039
Indonesia,2024-03-25,0.017932039
Indonesia,2024-03-26,0.017932039
Indonesia,2024-03-27,0.026129544
Indonesia,2024-03-28,0.027666574
Indonesia,2024-03-29,0.013833287
Indonesia,2024-03-30,0.011783912
Indonesia,2024-03-31,0.011783912
Indonesia,2024-04-01,0.011783912
Indonesia,2024-04-02,0.011783912
Indonesia,2024-04-03,0.0035864078
Indonesia,2024-04-04,0.002049376
Indonesia,2024-04-05,0.000512344
Indonesia,2024-04-06,0.0
Indonesia,2024-04-07,0.00768516
Indonesia,2024-04-08,0.00768516
Indonesia,2024-04-09,0.010246879
Indonesia,2024-04-10,0.010246879
Indonesia,2024-04-11,0.010246879
Indonesia,2024-04-12,0.010759223
Indonesia,2024-04-13,0.010759223
Indonesia,2024-04-14,0.003074064
Indonesia,2024-04-15,0.003074064
Indonesia,2024-04-16,0.000512344
Indonesia,2024-04-17,0.000512344
Indonesia,2024-04-18,0.000512344
Indonesia,2024-04-19,0.0
Indonesia,2024-04-20,0.0
Indonesia,2024-04-21,0.003074064
Indonesia,2024-04-22,0.003074064
Indonesia,2024-04-23,0.003074064
Indonesia,2024-04-24,0.003074064
Indonesia,2024-04-25,0.003074064
Indonesia,2024-04-26,0.003074064
Indonesia,2024-04-27,0.003074064
Indonesia,2024-04-28,0.0
Indonesia,2024-04-29,0.0
Indonesia,2024-04-30,0.0
Indonesia,2024-05-01,0.0
Indonesia,2024-05-02,0.0066604717
Indonesia,2024-05-03,0.0066604717
Indonesia,2024-05-04,0.0066604717
Indonesia,2024-05-05,0.012296256
Indonesia,2024-05-06,0.012296256
Indonesia,2024-05-07,0.012296256
Indonesia,2024-05-08,0.012296256
Indonesia,2024-05-09,0.0128085995
Indonesia,2024-05-10,0.0128085995
Indonesia,2024-05-11,0.014345631
Indonesia,2024-05-12,0.008709848
Indonesia,2024-05-13,0.008709848
Indonesia,2024-05-14,0.008709848
Indonesia,2024-05-15,0.008709848
Indonesia,2024-05-16,0.001537032
Indonesia,2024-05-17,0.001537032
Indonesia,2024-05-18,0.0
Indonesia,2024-05-19,0.009734536
Indonesia,2024-05-20,0.009734536
Indonesia,2024-05-21,0.009734536
Indonesia,2024-05-22,0.009734536
Indonesia,2024-05-23,0.009734536
Indonesia,2024-05-24,0.009734536
Indonesia,2024-05-25,0.009734536
Indonesia,2024-05-26,0.0
Indonesia,2024-05-27,0.0
Indonesia,2024-05-28,0.0
Indonesia,2024-05-29,0.0
Indonesia,2024-05-30,0.0
Indonesia,2024-05-31,0.014345631
Indonesia,2024-06-01,0.014345631
Indonesia,2024-06-02,0.014345631
Indonesia,2024-06-03,0.014345631
Indonesia,2024-06-04,0.014345631
Indonesia,2024-06-05,0.014345631
Indonesia,2024-06-06,0.014345631
Indonesia,2024-06-07,0.030228294
Indonesia,2024-06-08,0.03227767
Indonesia,2024-06-09,0.03227767
Indonesia,2024-06-10,0.03227767
Indonesia,2024-06-11,0.03227767
Indonesia,2024-06-12,0.03227767
Indonesia,2024-06-13,0.03227767
Indonesia,2024-06-14,0.002049376
Indonesia,2024-06-15,0.0
Indonesia,2024-06-16,0.0
Indonesia,2024-06-17,0.0
Indonesia,2024-06-18,0.0
Indonesia,2024-06-19,0.0
Indonesia,2024-06-20,0.0
Indonesia,2024-06-21,0.0
Indonesia,2024-06-22,0.0
Indonesia,2024-06-23,0.0
Indonesia,2024-06-24,0.0
Indonesia,2024-06-25,0.0
Indonesia,2024-06-26,0.0
Indonesia,2024-06-27,0.044061583
Indonesia,2024-06-28,0.0466233
Indonesia,2024-06-29,0.050722055
Indonesia,2024-06-30,0.050722055
Indonesia,2024-07-01,0.050722055
Indonesia,2024-07-02,0.050722055
Indonesia,2024-07-03,0.050722055
Indonesia,2024-07-04,0.0066604717
Indonesia,2024-07-05,0.004098752
Indonesia,2024-07-06,0.0
Indonesia,2024-07-07,0.021006104
Indonesia,2024-07-08,0.021006104
Indonesia,2024-07-09,0.021006104
Indonesia,2024-07-10,0.032790016
Indonesia,2024-07-11,0.03740111
Indonesia,2024-07-12,0.040475175
Indonesia,2024-07-13,0.044061583
Indonesia,2024-07-14,0.023055479
Indonesia,2024-07-15,0.023055479
Indonesia,2024-07-16,0.023055479
Indonesia,2024-07-17,0.011271568
Indonesia,2024-07-18,0.024080167
Indonesia,2024-07-19,0.027154231
Indonesia,2024-07-20,0.024592511
Indonesia,2024-07-21,0.024592511
Indonesia,2024-07-22,0.024592511
Indonesia,2024-07-23,0.024592511
Indonesia,2024-07-24,0.024592511
Indonesia,2024-07-25,0.0071728155
Indonesia,2024-07-26,0.001024688
Indonesia,2024-07-27,0.0
Indonesia,2024-07-28,0.0
Indonesia,2024-07-29,0.023567824
Indonesia,2024-07-30,0.023567824
Indonesia,2024-07-31,0.023567824
Indonesia,2024-08-01,0.023567824
Indonesia,2024-08-02,0.023567824
Indonesia,2024-08-03,0.023567824
Indonesia,2024-08-04,0.023567824
Indonesia,2024-08-05,0.0
Indonesia,2024-08-06,0.0
Indonesia,2024-08-07,0.0
Indonesia,2024-08-08,0.0
Indonesia,2024-08-09,0.0
Indonesia,2024-08-10,0.046110958
Indonesia,2024-08-11,0.047135647
Indonesia,2024-08-12,0.047135647
Indonesia,2024-08-13,0.054820806
Indonesia,2024-08-14,0.05533315
Indonesia,2024-08-15,0.05687018
Indonesia,2024-08-16,0.058407214
Indonesia,2024-08-17,0.013320943
Indonesia,2024-08-18,0.012296256
Indonesia,2024-08-19,0.012296256
Indonesia,2024-08-20,0.004611096
Indonesia,2024-08-21,0.004098752
Indonesia,2024-08-22,0.008197504
Indonesia,2024-08-23,0.0071728155
Indonesia,2024-08-24,0.0066604717
Indonesia,2024-08-25,0.0066604717
Indonesia,2024-08-26,0.0066604717
Indonesia,2024-08-27,0.0066604717
Indonesia,2024-08-28,0.0066604717
Indonesia,2024-08-29,0.010246879
Indonesia,2024-08-30,0.009734536
Indonesia,2024-08-31,0.010759223
Indonesia,2024-09-01,0.010759223
Indonesia,2024-09-02,0.010759223
Indonesia,2024-09-03,0.010759223
Indonesia,2024-09-04,0.010759223
Indonesia,2024-09-05,0.001537032
Indonesia,2024-09-06,0.001537032
Indonesia,2024-09-07,0.0
Indonesia,2024-09-08,0.0
Indonesia,2024-09-09,0.0
Indonesia,2024-09-10,0.008709848
Indonesia,2024-09-11,0.008709848
Indonesia,2024-09-12,0.008709848
Indonesia,2024-09-13,0.008709848
Indonesia,2024-09-14,0.013833287
Indonesia,2024-09-15,0.013833287
Indonesia,2024-09-16,0.013833287
Indonesia,2024-09-17,0.0051234397
Indonesia,2024-09-18,0.0051234397
Indonesia,2024-09-19,0.0051234397
Indonesia,2024-09-20,0.0051234397
Indonesia,2024-09-21,0.0
Indonesia,2024-09-22,0.0
Indonesia,2024-09-23,0.0
Indonesia,2024-09-24,0.0128085995
Indonesia,2024-09-25,0.013833287
Indonesia,2024-09-26,0.014857976
Indonesia,2024-09-27,0.016907351
Indonesia,2024-09-28,0.017419696
Indonesia,2024-09-29,0.017419696
Indonesia,2024-09-30,0.018444384
Indonesia,2024-10-01,0.0066604717
Indonesia,2024-10-02,0.008197504
Indonesia,2024-10-03,0.0071728155
Indonesia,2024-10-04,0.006148128
Indonesia,2024-10-05,0.0071728155
Indonesia,2024-10-06,0.0071728155
Indonesia,2024-10-07,0.006148128
Indonesia,2024-10-08,0.0051234397
Indonesia,2024-10-09,0.0025617199
Indonesia,2024-10-10,0.0025617199
Indonesia,2024-10-11,0.001537032
Indonesia,2024-10-12,0.0
Indonesia,2024-10-13,0.0
Indonesia,2024-10-14,0.011271568
Indonesia,2024-10-15,0.012296256
Indonesia,2024-10-16,0.015882663
Indonesia,2024-10-17,0.016395008
Indonesia,2024-10-18,0.018444384
Indonesia,2024-10-19,0.020493759
Indonesia,2024-10-20,0.022543136
Indonesia,2024-10-21,0.013833287
Indonesia,2024-10-22,0.016395008
Indonesia,2024-10-23,0.01537032
Indonesia,2024-10-24,0.019981416
Indonesia,2024-10-25,0.021518447
Indonesia,2024-10-26,0.020493759
Indonesia,2024-10-27,0.018444384
Indonesia,2024-10-28,0.015882663
Indonesia,2024-10-29,0.012296256
Indonesia,2024-10-30,0.009734536
Indonesia,2024-10-31,0.027154231
Indonesia,2024-11-01,0.025617199
Indonesia,2024-11-02,0.02817892
Indonesia,2024-11-03,0.02817892
Indonesia,2024-11-04,0.02817892
Indonesia,2024-11-05,0.032790016
Indonesia,2024-11-06,0.035864078
Indonesia,2024-11-07,0.01537032
Indonesia,2024-11-08,0.016395008
Indonesia,2024-11-09,0.01537032
Indonesia,2024-11-10,0.01537032
Indonesia,2024-11-11,0.021006104
Indonesia,2024-11-12,0.020493759
Indonesia,2024-11-13,0.022030791
Indonesia,2024-11-14,0.023055479
Indonesia,2024-11-15,0.022543136
Indonesia,2024-11-16,0.024080167
Indonesia,2024-11-17,0.024080167
Indonesia,2024-11-18,0.018444384
Indonesia,2024-11-19,0.021006104
Indonesia,2024-11-20,0.021518447
Indonesia,2024-11-21,0.022543136
Indonesia,2024-11-22,0.022543136
Indonesia,2024-11-23,0.024592511
Indonesia,2024-11-24,0.025104854
Indonesia,2024-11-25,0.026641887
Indonesia,2024-11-26,0.024080167
Indonesia,2024-11-27,0.023055479
Indonesia,2024-11-28,0.019981416
Indonesia,2024-11-29,0.020493759
Indonesia,2024-11-30,0.016395008
Indonesia,2024-12-01,0.017932039
Indonesia,2024-12-02,0.019469071
Indonesia,2024-12-03,0.021006104
Indonesia,2024-12-04,0.021518447
Indonesia,2024-12-05,0.022030791
Indonesia,2024-12-06,0.022116182
Indonesia,2024-12-07,0.019725243
Indonesia,2024-12-08,0.017334305
Indonesia,2024-12-09,0.013747897
Indonesia,2024-12-10,0.0071728155
Indonesia,2024-12-11,0.0017932039
Indonesia,2024-12-12,0.0
Indonesia,2024-12-13,0.0
Indonesia,2024-12-14,0.0
Indonesia,2024-12-15,0.0
