Entity,Day,"Total confirmed deaths due to COVID-19 per 100,000 people"
Indonesia,2020-01-04,0.0
Indonesia,2020-01-05,0.0
Indonesia,2020-01-06,0.0
Indonesia,2020-01-07,0.0
Indonesia,2020-01-08,0.0
Indonesia,2020-01-09,0.0
Indonesia,2020-01-10,0.0
Indonesia,2020-01-11,0.0
Indonesia,2020-01-12,0.0
Indonesia,2020-01-13,0.0
Indonesia,2020-01-14,0.0
Indonesia,2020-01-15,0.0
Indonesia,2020-01-16,0.0
Indonesia,2020-01-17,0.0
Indonesia,2020-01-18,0.0
Indonesia,2020-01-19,0.0
Indonesia,2020-01-20,0.0
Indonesia,2020-01-21,0.0
Indonesia,2020-01-22,0.0
Indonesia,2020-01-23,0.0
Indonesia,2020-01-24,0.0
Indonesia,2020-01-25,0.0
Indonesia,2020-01-26,0.0
Indonesia,2020-01-27,0.0
Indonesia,2020-01-28,0.0
Indonesia,2020-01-29,0.0
Indonesia,2020-01-30,0.0
Indonesia,2020-01-31,0.0
Indonesia,2020-02-01,0.0
Indonesia,2020-02-02,0.0
Indonesia,2020-02-03,0.0
Indonesia,2020-02-04,0.0
Indonesia,2020-02-05,0.0
Indonesia,2020-02-06,0.0
Indonesia,2020-02-07,0.0
Indonesia,2020-02-08,0.0
Indonesia,2020-02-09,0.0
Indonesia,2020-02-10,0.0
Indonesia,2020-02-11,0.0
Indonesia,2020-02-12,0.0
Indonesia,2020-02-13,0.0
Indonesia,2020-02-14,0.0
Indonesia,2020-02-15,0.0
Indonesia,2020-02-16,0.0
Indonesia,2020-02-17,0.0
Indonesia,2020-02-18,0.0
Indonesia,2020-02-19,0.0
Indonesia,2020-02-20,0.0
Indonesia,2020-02-21,0.0
Indonesia,2020-02-22,0.0
Indonesia,2020-02-23,0.0
Indonesia,2020-02-24,0.0
Indonesia,2020-02-25,0.0
Indonesia,2020-02-26,0.0
Indonesia,2020-02-27,0.0
Indonesia,2020-02-28,0.0
Indonesia,2020-02-29,0.0
Indonesia,2020-03-01,0.0
Indonesia,2020-03-02,0.0
Indonesia,2020-03-03,0.0
Indonesia,2020-03-04,0.0
Indonesia,2020-03-05,0.0
Indonesia,2020-03-06,0.0
Indonesia,2020-03-07,0.0
Indonesia,2020-03-08,0.0
Indonesia,2020-03-09,0.0
Indonesia,2020-03-10,0.0
Indonesia,2020-03-11,0.0003586408
Indonesia,2020-03-12,0.0003586408
Indonesia,2020-03-13,0.0007172816
Indonesia,2020-03-14,0.0014345632
Indonesia,2020-03-15,0.0014345632
Indonesia,2020-03-16,0.0017932039
Indonesia,2020-03-17,0.0017932039
Indonesia,2020-03-18,0.006814175
Indonesia,2020-03-19,0.008966019
Indonesia,2020-03-20,0.011476506
Indonesia,2020-03-21,0.01362835
Indonesia,2020-03-22,0.017214758
Indonesia,2020-03-23,0.017573398
Indonesia,2020-03-24,0.019725243
Indonesia,2020-03-25,0.020801166
Indonesia,2020-03-26,0.027973982
Indonesia,2020-03-27,0.031201748
Indonesia,2020-03-28,0.03658136
Indonesia,2020-03-29,0.04088505
Indonesia,2020-03-30,0.043754175
Indonesia,2020-03-31,0.048775148
Indonesia,2020-04-01,0.056306604
Indonesia,2020-04-02,0.06096893
Indonesia,2020-04-03,0.06491398
Indonesia,2020-04-04,0.06850039
Indonesia,2020-04-05,0.07101087
Indonesia,2020-04-06,0.074955925
Indonesia,2020-04-07,0.07925961
Indonesia,2020-04-08,0.086073786
Indonesia,2020-04-09,0.10041942
Indonesia,2020-04-10,0.10974408
Indonesia,2020-04-11,0.117275536
Indonesia,2020-04-12,0.13377301
Indonesia,2020-04-13,0.14309767
Indonesia,2020-04-14,0.16461612
Indonesia,2020-04-15,0.16820253
Indonesia,2020-04-16,0.17788583
Indonesia,2020-04-17,0.1864932
Indonesia,2020-04-18,0.19187282
Indonesia,2020-04-19,0.20872894
Indonesia,2020-04-20,0.21159807
Indonesia,2020-04-21,0.22092272
Indonesia,2020-04-22,0.2277369
Indonesia,2020-04-23,0.23204058
Indonesia,2020-04-24,0.2471035
Indonesia,2020-04-25,0.25822136
Indonesia,2020-04-26,0.2664701
Indonesia,2020-04-27,0.2743602
Indonesia,2020-04-28,0.27722934
Indonesia,2020-04-29,0.28117436
Indonesia,2020-04-30,0.2840435
Indonesia,2020-05-01,0.28691262
Indonesia,2020-05-02,0.2980305
Indonesia,2020-05-03,0.30305147
Indonesia,2020-05-04,0.30986565
Indonesia,2020-05-05,0.31273475
Indonesia,2020-05-06,0.3209835
Indonesia,2020-05-07,0.33353594
Indonesia,2020-05-08,0.33819827
Indonesia,2020-05-09,0.3439365
Indonesia,2020-05-10,0.34895748
Indonesia,2020-05-11,0.35541302
Indonesia,2020-05-12,0.36115128
Indonesia,2020-05-13,0.36868274
Indonesia,2020-05-14,0.37406233
Indonesia,2020-05-15,0.3858975
Indonesia,2020-05-16,0.39055982
Indonesia,2020-05-17,0.41171962
Indonesia,2020-05-18,0.4271412
Indonesia,2020-05-19,0.4379004
Indonesia,2020-05-20,0.44543186
Indonesia,2020-05-21,0.4583429
Indonesia,2020-05-22,0.47555768
Indonesia,2020-05-23,0.4845237
Indonesia,2020-05-24,0.49205515
Indonesia,2020-05-25,0.49886933
Indonesia,2020-05-26,0.5085526
Indonesia,2020-05-27,0.5282779
Indonesia,2020-05-28,0.5365266
Indonesia,2020-05-29,0.545134
Indonesia,2020-05-30,0.5641419
Indonesia,2020-05-31,0.5784876
Indonesia,2020-06-01,0.5885295
Indonesia,2020-06-02,0.59641963
Indonesia,2020-06-03,0.6089721
Indonesia,2020-06-04,0.6172208
Indonesia,2020-06-05,0.6347942
Indonesia,2020-06-06,0.64591205
Indonesia,2020-06-07,0.6638441
Indonesia,2020-06-08,0.6753206
Indonesia,2020-06-09,0.6896662
Indonesia,2020-06-10,0.7025773
Indonesia,2020-06-11,0.7172816
Indonesia,2020-06-12,0.73449636
Indonesia,2020-06-13,0.74991786
Indonesia,2020-06-14,0.76533943
Indonesia,2020-06-15,0.78829247
Indonesia,2020-06-16,0.80012757
Indonesia,2020-06-17,0.8162664
Indonesia,2020-06-18,0.8388608
Indonesia,2020-06-19,0.8510546
Indonesia,2020-06-20,0.87113845
Indonesia,2020-06-21,0.88404953
Indonesia,2020-06-22,0.896602
Indonesia,2020-06-23,0.9091544
Indonesia,2020-06-24,0.9227827
Indonesia,2020-06-25,0.93963885
Indonesia,2020-06-26,0.96223325
Indonesia,2020-06-27,0.9755029
Indonesia,2020-06-28,0.9876967
Indonesia,2020-06-29,1.0059874
Indonesia,2020-06-30,1.0314509
Indonesia,2020-07-01,1.052252
Indonesia,2020-07-02,1.07126
Indonesia,2020-07-03,1.0888335
Indonesia,2020-07-04,1.1078414
Indonesia,2020-07-05,1.13725
Indonesia,2020-07-06,1.1623548
Indonesia,2020-07-07,1.1867423
Indonesia,2020-07-08,1.2046744
Indonesia,2020-07-09,1.2254755
Indonesia,2020-07-10,1.2441249
Indonesia,2020-07-11,1.2677952
Indonesia,2020-07-12,1.2932587
Indonesia,2020-07-13,1.3111907
Indonesia,2020-07-14,1.3305573
Indonesia,2020-07-15,1.3617591
Indonesia,2020-07-16,1.3890158
Indonesia,2020-07-17,1.4191415
Indonesia,2020-07-18,1.4403014
Indonesia,2020-07-19,1.4858488
Indonesia,2020-07-20,1.5202783
Indonesia,2020-07-21,1.5493282
Indonesia,2020-07-22,1.5991793
Indonesia,2020-07-23,1.6411402
Indonesia,2020-07-24,1.6730592
Indonesia,2020-07-25,1.6906327
Indonesia,2020-07-26,1.7146616
Indonesia,2020-07-27,1.7351041
Indonesia,2020-07-28,1.7576985
Indonesia,2020-07-29,1.7842379
Indonesia,2020-07-30,1.8140051
Indonesia,2020-07-31,1.8401859
Indonesia,2020-08-01,1.8624216
Indonesia,2020-08-02,1.8778431
Indonesia,2020-08-03,1.9015135
Indonesia,2020-08-04,1.9323566
Indonesia,2020-08-05,1.9553095
Indonesia,2020-08-06,1.9800558
Indonesia,2020-08-07,2.005878
Indonesia,2020-08-08,2.0291896
Indonesia,2020-08-09,2.0525012
Indonesia,2020-08-10,2.067564
Indonesia,2020-08-11,2.088724
Indonesia,2020-08-12,2.1170566
Indonesia,2020-08-13,2.1403682
Indonesia,2020-08-14,2.1593761
Indonesia,2020-08-15,2.1773083
Indonesia,2020-08-16,2.2056408
Indonesia,2020-08-17,2.2260833
Indonesia,2020-08-18,2.2511883
Indonesia,2020-08-19,2.2759345
Indonesia,2020-08-20,2.3017566
Indonesia,2020-08-21,2.331165
Indonesia,2020-08-22,2.3648772
Indonesia,2020-08-23,2.3957205
Indonesia,2020-08-24,2.424053
Indonesia,2020-08-25,2.4595585
Indonesia,2020-08-26,2.4904015
Indonesia,2020-08-27,2.5334384
Indonesia,2020-08-28,2.5710957
Indonesia,2020-08-29,2.6040907
Indonesia,2020-08-30,2.6334994
Indonesia,2020-08-31,2.6600387
Indonesia,2020-09-01,2.6915991
Indonesia,2020-09-02,2.731408
Indonesia,2020-09-03,2.7794662
Indonesia,2020-09-04,2.8088746
Indonesia,2020-09-05,2.8476079
Indonesia,2020-09-06,2.8780923
Indonesia,2020-09-07,2.9157495
Indonesia,2020-09-08,2.9516137
Indonesia,2020-09-09,2.9896295
Indonesia,2020-09-10,3.0326664
Indonesia,2020-09-11,3.0642269
Indonesia,2020-09-12,3.1022427
Indonesia,2020-09-13,3.1284237
Indonesia,2020-09-14,3.1707432
Indonesia,2020-09-15,3.2152147
Indonesia,2020-09-16,3.263631
Indonesia,2020-09-17,3.3073854
Indonesia,2020-09-18,3.3482704
Indonesia,2020-09-19,3.3884382
Indonesia,2020-09-20,3.4260955
Indonesia,2020-09-21,3.470567
Indonesia,2020-09-22,3.5279493
Indonesia,2020-09-23,3.578159
Indonesia,2020-09-24,3.6240652
Indonesia,2020-09-25,3.6645916
Indonesia,2020-09-26,3.6968691
Indonesia,2020-09-27,3.7248433
Indonesia,2020-09-28,3.7560449
Indonesia,2020-09-29,3.801951
Indonesia,2020-09-30,3.851802
Indonesia,2020-10-01,3.8934045
Indonesia,2020-10-02,3.9350066
Indonesia,2020-10-03,3.964774
Indonesia,2020-10-04,3.9992034
Indonesia,2020-10-05,4.0357847
Indonesia,2020-10-06,4.0791802
Indonesia,2020-10-07,4.114327
Indonesia,2020-10-08,4.1530604
Indonesia,2020-10-09,4.1842623
Indonesia,2020-10-10,4.219409
Indonesia,2020-10-11,4.2477417
Indonesia,2020-10-12,4.280378
Indonesia,2020-10-13,4.3133726
Indonesia,2020-10-14,4.3596373
Indonesia,2020-10-15,4.399805
Indonesia,2020-10-16,4.428138
Indonesia,2020-10-17,4.4582634
Indonesia,2020-10-18,4.4869547
Indonesia,2020-10-19,4.524971
Indonesia,2020-10-20,4.5669317
Indonesia,2020-10-21,4.6110444
Indonesia,2020-10-22,4.647626
Indonesia,2020-10-23,4.6899457
Indonesia,2020-10-24,4.735852
Indonesia,2020-10-25,4.7695637
Indonesia,2020-10-26,4.8097315
Indonesia,2020-10-27,4.8459544
Indonesia,2020-10-28,4.8818183
Indonesia,2020-10-29,4.9137373
Indonesia,2020-10-30,4.942787
Indonesia,2020-10-31,4.973989
Indonesia,2020-11-01,5.0005283
Indonesia,2020-11-02,5.0367513
Indonesia,2020-11-03,5.073333
Indonesia,2020-11-04,5.113859
Indonesia,2020-11-05,5.145778
Indonesia,2020-11-06,5.17949
Indonesia,2020-11-07,5.214637
Indonesia,2020-11-08,5.2411766
Indonesia,2020-11-09,5.2680745
Indonesia,2020-11-10,5.2938967
Indonesia,2020-11-11,5.3207946
Indonesia,2020-11-12,5.3555827
Indonesia,2020-11-13,5.3928814
Indonesia,2020-11-14,5.4326906
Indonesia,2020-11-15,5.455285
Indonesia,2020-11-16,5.4857693
Indonesia,2020-11-17,5.5205574
Indonesia,2020-11-18,5.560008
Indonesia,2020-11-19,5.594796
Indonesia,2020-11-20,5.6227703
Indonesia,2020-11-21,5.6572
Indonesia,2020-11-22,5.69665
Indonesia,2020-11-23,5.73897
Indonesia,2020-11-24,5.778062
Indonesia,2020-11-25,5.818947
Indonesia,2020-11-26,5.8644943
Indonesia,2020-11-27,5.9251046
Indonesia,2020-11-28,5.9699345
Indonesia,2020-11-29,6.0305448
Indonesia,2020-11-30,6.077168
Indonesia,2020-12-01,6.125943
Indonesia,2020-12-02,6.168263
Indonesia,2020-12-03,6.2242107
Indonesia,2020-12-04,6.2686825
Indonesia,2020-12-05,6.3081326
Indonesia,2020-12-06,6.3622875
Indonesia,2020-12-07,6.407835
Indonesia,2020-12-08,6.455534
Indonesia,2020-12-09,6.516862
Indonesia,2020-12-10,6.5760374
Indonesia,2020-12-11,6.6387997
Indonesia,2020-12-12,6.6897264
Indonesia,2020-12-13,6.749261
Indonesia,2020-12-14,6.7983947
Indonesia,2020-12-15,6.853984
Indonesia,2020-12-16,6.9031177
Indonesia,2020-12-17,6.954045
Indonesia,2020-12-18,6.998516
Indonesia,2020-12-19,7.050519
Indonesia,2020-12-20,7.129779
Indonesia,2020-12-21,7.2033
Indonesia,2020-12-22,7.2649865
Indonesia,2020-12-23,7.3191414
Indonesia,2020-12-24,7.384055
Indonesia,2020-12-25,7.4765844
Indonesia,2020-12-26,7.5293045
Indonesia,2020-12-27,7.6164546
Indonesia,2020-12-28,7.693562
Indonesia,2020-12-29,7.783581
Indonesia,2020-12-30,7.870013
Indonesia,2020-12-31,7.9395895
Indonesia,2021-01-01,8.00809
Indonesia,2021-01-02,8.089143
Indonesia,2021-01-03,8.153339
Indonesia,2021-01-04,8.216819
Indonesia,2021-01-05,8.28783
Indonesia,2021-01-06,8.354896
Indonesia,2021-01-07,8.435231
Indonesia,2021-01-08,8.518795
Indonesia,2021-01-09,8.588371
Indonesia,2021-01-10,8.653644
Indonesia,2021-01-11,8.730392
Indonesia,2021-01-12,8.838702
Indonesia,2021-01-13,8.948446
Indonesia,2021-01-14,9.054245
Indonesia,2021-01-15,9.139602
Indonesia,2021-01-16,9.241097
Indonesia,2021-01-17,9.319998
Indonesia,2021-01-18,9.425797
Indonesia,2021-01-19,9.536259
Indonesia,2021-01-20,9.632015
Indonesia,2021-01-21,9.756105
Indonesia,2021-01-22,9.845765
Indonesia,2021-01-23,9.921439
Indonesia,2021-01-24,9.982766
Indonesia,2021-01-25,10.089283
Indonesia,2021-01-26,10.209785
Indonesia,2021-01-27,10.348579
Indonesia,2021-01-28,10.519293
Indonesia,2021-01-29,10.586359
Indonesia,2021-01-30,10.661674
Indonesia,2021-01-31,10.758506
Indonesia,2021-02-01,10.858567
Indonesia,2021-02-02,10.967594
Indonesia,2021-02-03,11.035377
Indonesia,2021-02-04,11.118223
Indonesia,2021-02-05,11.19031
Indonesia,2021-02-06,11.25881
Indonesia,2021-02-07,11.317268
Indonesia,2021-02-08,11.391507
Indonesia,2021-02-09,11.467897
Indonesia,2021-02-10,11.536398
Indonesia,2021-02-11,11.613148
Indonesia,2021-02-12,11.711774
Indonesia,2021-02-13,11.812193
Indonesia,2021-02-14,11.900777
Indonesia,2021-02-15,11.966767
Indonesia,2021-02-16,12.048896
Indonesia,2021-02-17,12.117755
Indonesia,2021-02-18,12.182669
Indonesia,2021-02-19,12.248301
Indonesia,2021-02-20,12.307117
Indonesia,2021-02-21,12.369162
Indonesia,2021-02-22,12.441607
Indonesia,2021-02-23,12.557448
Indonesia,2021-02-24,12.643522
Indonesia,2021-02-25,12.738203
Indonesia,2021-02-26,12.834319
Indonesia,2021-02-27,12.904254
Indonesia,2021-02-28,12.970603
Indonesia,2021-03-01,13.027627
Indonesia,2021-03-02,13.096845
Indonesia,2021-03-03,13.169648
Indonesia,2021-03-04,13.232769
Indonesia,2021-03-05,13.279034
Indonesia,2021-03-06,13.32494
Indonesia,2021-03-07,13.365108
Indonesia,2021-03-08,13.465885
Indonesia,2021-03-09,13.5412
Indonesia,2021-03-10,13.603962
Indonesia,2021-03-11,13.645924
Indonesia,2021-03-12,13.710479
Indonesia,2021-03-13,13.746343
Indonesia,2021-03-14,13.781131
Indonesia,2021-03-15,13.833851
Indonesia,2021-03-16,13.898406
Indonesia,2021-03-17,13.956506
Indonesia,2021-03-18,14.037918
Indonesia,2021-03-19,14.10857
Indonesia,2021-03-20,14.147303
Indonesia,2021-03-21,14.184243
Indonesia,2021-03-22,14.241984
Indonesia,2021-03-23,14.2972145
Indonesia,2021-03-24,14.339535
Indonesia,2021-03-25,14.374681
Indonesia,2021-03-26,14.405166
Indonesia,2021-03-27,14.476176
Indonesia,2021-03-28,14.506661
Indonesia,2021-03-29,14.554002
Indonesia,2021-03-30,14.616047
Indonesia,2021-03-31,14.653345
Indonesia,2021-04-01,14.723639
Indonesia,2021-04-02,14.758427
Indonesia,2021-04-03,14.791063
Indonesia,2021-04-04,14.944202
Indonesia,2021-04-05,14.996565
Indonesia,2021-04-06,15.054665
Indonesia,2021-04-07,15.085866
Indonesia,2021-04-08,15.144324
Indonesia,2021-04-09,15.18772
Indonesia,2021-04-10,15.221791
Indonesia,2021-04-11,15.252993
Indonesia,2021-04-12,15.298182
Indonesia,2021-04-13,15.34337
Indonesia,2021-04-14,15.387841
Indonesia,2021-04-15,15.447735
Indonesia,2021-04-16,15.491847
Indonesia,2021-04-17,15.539188
Indonesia,2021-04-18,15.573618
Indonesia,2021-04-19,15.624903
Indonesia,2021-04-20,15.700217
Indonesia,2021-04-21,15.782705
Indonesia,2021-04-22,15.841881
Indonesia,2021-04-23,15.9042845
Indonesia,2021-04-24,15.959515
Indonesia,2021-04-25,15.993227
Indonesia,2021-04-26,16.056707
Indonesia,2021-04-27,16.116959
Indonesia,2021-04-28,16.180437
Indonesia,2021-04-29,16.258621
Indonesia,2021-04-30,16.325687
Indonesia,2021-05-01,16.37267
Indonesia,2021-05-02,16.424313
Indonesia,2021-05-03,16.479185
Indonesia,2021-05-04,16.54661
Indonesia,2021-05-05,16.622643
Indonesia,2021-05-06,16.675362
Indonesia,2021-05-07,16.735254
Indonesia,2021-05-08,16.799452
Indonesia,2021-05-09,16.86042
Indonesia,2021-05-10,16.934301
Indonesia,2021-05-11,17.022884
Indonesia,2021-05-12,17.077398
Indonesia,2021-05-13,17.112904
Indonesia,2021-05-14,17.151278
Indonesia,2021-05-15,17.202923
Indonesia,2021-05-16,17.248112
Indonesia,2021-05-17,17.324142
Indonesia,2021-05-18,17.38583
Indonesia,2021-05-19,17.454689
Indonesia,2021-05-20,17.532871
Indonesia,2021-05-21,17.599579
Indonesia,2021-05-22,17.64692
Indonesia,2021-05-23,17.691032
Indonesia,2021-05-24,17.73658
Indonesia,2021-05-25,17.798265
Indonesia,2021-05-26,17.84991
Indonesia,2021-05-27,17.898685
Indonesia,2021-05-28,17.967903
Indonesia,2021-05-29,18.026003
Indonesia,2021-05-30,18.076931
Indonesia,2021-05-31,18.139334
Indonesia,2021-06-01,18.191336
Indonesia,2021-06-02,18.257685
Indonesia,2021-06-03,18.32475
Indonesia,2021-06-04,18.396837
Indonesia,2021-06-05,18.45171
Indonesia,2021-06-06,18.510168
Indonesia,2021-06-07,18.578669
Indonesia,2021-06-08,18.646452
Indonesia,2021-06-09,18.70742
Indonesia,2021-06-10,18.783094
Indonesia,2021-06-11,18.852312
Indonesia,2021-06-12,18.911129
Indonesia,2021-06-13,18.964565
Indonesia,2021-06-14,19.049564
Indonesia,2021-06-15,19.108381
Indonesia,2021-06-16,19.178675
Indonesia,2021-06-17,19.278019
Indonesia,2021-06-18,19.382025
Indonesia,2021-06-19,19.470966
Indonesia,2021-06-20,19.604023
Indonesia,2021-06-21,19.709463
Indonesia,2021-06-22,19.829607
Indonesia,2021-06-23,19.938276
Indonesia,2021-06-24,20.065594
Indonesia,2021-06-25,20.21694
Indonesia,2021-06-26,20.345333
Indonesia,2021-06-27,20.492018
Indonesia,2021-06-28,20.643723
Indonesia,2021-06-29,20.809772
Indonesia,2021-06-30,20.977259
Indonesia,2021-07-01,21.158012
Indonesia,2021-07-02,21.35132
Indonesia,2021-07-03,21.52813
Indonesia,2021-07-04,21.727177
Indonesia,2021-07-05,21.927298
Indonesia,2021-07-06,22.188389
Indonesia,2021-07-07,22.561375
Indonesia,2021-07-08,22.866936
Indonesia,2021-07-09,23.179312
Indonesia,2021-07-10,23.47555
Indonesia,2021-07-11,23.8367
Indonesia,2021-07-12,24.15625
Indonesia,2021-07-13,24.466116
Indonesia,2021-07-14,24.82153
Indonesia,2021-07-15,25.173714
Indonesia,2021-07-16,25.605877
Indonesia,2021-07-17,25.997513
Indonesia,2021-07-18,26.389505
Indonesia,2021-07-19,26.869368
Indonesia,2021-07-20,27.328428
Indonesia,2021-07-21,27.824429
Indonesia,2021-07-22,28.344099
Indonesia,2021-07-23,28.90573
Indonesia,2021-07-24,29.413206
Indonesia,2021-07-25,29.867247
Indonesia,2021-07-26,30.400545
Indonesia,2021-07-27,31.142572
Indonesia,2021-07-28,31.796734
Indonesia,2021-07-29,32.47564
Indonesia,2021-07-30,33.10649
Indonesia,2021-07-31,33.754913
Indonesia,2021-08-01,34.330173
Indonesia,2021-08-02,34.89252
Indonesia,2021-08-03,35.46563
Indonesia,2021-08-04,36.092175
Indonesia,2021-08-05,36.71585
Indonesia,2021-08-06,37.302227
Indonesia,2021-08-07,37.87175
Indonesia,2021-08-08,38.408993
Indonesia,2021-08-09,38.93799
Indonesia,2021-08-10,39.672485
Indonesia,2021-08-11,40.238777
Indonesia,2021-08-12,40.764545
Indonesia,2021-08-13,41.27812
Indonesia,2021-08-14,41.733593
Indonesia,2021-08-15,42.171852
Indonesia,2021-08-16,42.61836
Indonesia,2021-08-17,43.041557
Indonesia,2021-08-18,43.446102
Indonesia,2021-08-19,43.981197
Indonesia,2021-08-20,44.46464
Indonesia,2021-08-21,44.952755
Indonesia,2021-08-22,45.322155
Indonesia,2021-08-23,45.62413
Indonesia,2021-08-24,45.9964
Indonesia,2021-08-25,46.369743
Indonesia,2021-08-26,46.688576
Indonesia,2021-08-27,46.9034
Indonesia,2021-08-28,47.115356
Indonesia,2021-08-29,47.31297
Indonesia,2021-08-30,47.516678
Indonesia,2021-08-31,47.707474
Indonesia,2021-09-01,47.941666
Indonesia,2021-09-02,48.185543
Indonesia,2021-09-03,48.3914
Indonesia,2021-09-04,48.58471
Indonesia,2021-09-05,48.725296
Indonesia,2021-09-06,48.944782
Indonesia,2021-09-07,49.189735
Indonesia,2021-09-08,49.414246
Indonesia,2021-09-09,49.53403
Indonesia,2021-09-10,49.647003
Indonesia,2021-09-11,49.743835
Indonesia,2021-09-12,49.81126
Indonesia,2021-09-13,49.910244
Indonesia,2021-09-14,49.999905
Indonesia,2021-09-15,50.09566
Indonesia,2021-09-16,50.18066
Indonesia,2021-09-17,50.2592
Indonesia,2021-09-18,50.32555
Indonesia,2021-09-19,50.377552
Indonesia,2021-09-20,50.437088
Indonesia,2021-09-21,50.498417
Indonesia,2021-09-22,50.551853
Indonesia,2021-09-23,50.609238
Indonesia,2021-09-24,50.66088
Indonesia,2021-09-25,50.704994
Indonesia,2021-09-26,50.735836
Indonesia,2021-09-27,50.778156
Indonesia,2021-09-28,50.822628
Indonesia,2021-09-29,50.86459
Indonesia,2021-09-30,50.905113
Indonesia,2021-10-01,50.936317
Indonesia,2021-10-02,50.968235
Indonesia,2021-10-03,50.989037
Indonesia,2021-10-04,51.020596
Indonesia,2021-10-05,51.048214
Indonesia,2021-10-06,51.07511
Indonesia,2021-10-07,51.10416
Indonesia,2021-10-08,51.12783
Indonesia,2021-10-09,51.14648
Indonesia,2021-10-10,51.160465
Indonesia,2021-10-11,51.183777
Indonesia,2021-10-12,51.200634
Indonesia,2021-10-13,51.21785
Indonesia,2021-10-14,51.231117
Indonesia,2021-10-15,51.245823
Indonesia,2021-10-16,51.261604
Indonesia,2021-10-17,51.268417
Indonesia,2021-10-18,51.285275
Indonesia,2021-10-19,51.303207
Indonesia,2021-10-20,51.313248
Indonesia,2021-10-21,51.32867
Indonesia,2021-10-22,51.340504
Indonesia,2021-10-23,51.348755
Indonesia,2021-10-24,51.359154
Indonesia,2021-10-25,51.36991
Indonesia,2021-10-26,51.382465
Indonesia,2021-10-27,51.392864
Indonesia,2021-10-28,51.40506
Indonesia,2021-10-29,51.4151
Indonesia,2021-10-30,51.424786
Indonesia,2021-10-31,51.43088
Indonesia,2021-11-01,51.437336
Indonesia,2021-11-02,51.44953
Indonesia,2021-11-03,51.458138
Indonesia,2021-11-04,51.464954
Indonesia,2021-11-05,51.471767
Indonesia,2021-11-06,51.477146
Indonesia,2021-11-07,51.48109
Indonesia,2021-11-08,51.485394
Indonesia,2021-11-09,51.492928
Indonesia,2021-11-10,51.497948
Indonesia,2021-11-11,51.503685
Indonesia,2021-11-12,51.51086
Indonesia,2021-11-13,51.516598
Indonesia,2021-11-14,51.521976
Indonesia,2021-11-15,51.52592
Indonesia,2021-11-16,51.5313
Indonesia,2021-11-17,51.535965
Indonesia,2021-11-18,51.53991
Indonesia,2021-11-19,51.541702
Indonesia,2021-11-20,51.546722
Indonesia,2021-11-21,51.550667
Indonesia,2021-11-22,51.55246
Indonesia,2021-11-23,51.55569
Indonesia,2021-11-24,51.560352
Indonesia,2021-11-25,51.56609
Indonesia,2021-11-26,51.57111
Indonesia,2021-11-27,51.575054
Indonesia,2021-11-28,51.575413
Indonesia,2021-11-29,51.57936
Indonesia,2021-11-30,51.583305
Indonesia,2021-12-01,51.58689
Indonesia,2021-12-02,51.590477
Indonesia,2021-12-03,51.593346
Indonesia,2021-12-04,51.59514
Indonesia,2021-12-05,51.596573
Indonesia,2021-12-06,51.5998
Indonesia,2021-12-07,51.6059
Indonesia,2021-12-08,51.611637
Indonesia,2021-12-09,51.614864
Indonesia,2021-12-10,51.616657
Indonesia,2021-12-11,51.61881
Indonesia,2021-12-12,51.62132
Indonesia,2021-12-13,51.625626
Indonesia,2021-12-14,51.62993
Indonesia,2021-12-15,51.633156
Indonesia,2021-12-16,51.63674
Indonesia,2021-12-17,51.63925
Indonesia,2021-12-18,51.643555
Indonesia,2021-12-19,51.64499
Indonesia,2021-12-20,51.648937
Indonesia,2021-12-21,51.65288
Indonesia,2021-12-22,51.656467
Indonesia,2021-12-23,51.659336
Indonesia,2021-12-24,51.66113
Indonesia,2021-12-25,51.66328
Indonesia,2021-12-26,51.663998
Indonesia,2021-12-27,51.666866
Indonesia,2021-12-28,51.669735
Indonesia,2021-12-29,51.673325
Indonesia,2021-12-30,51.675835
Indonesia,2021-12-31,51.677986
Indonesia,2022-01-01,51.678703
Indonesia,2022-01-02,51.67906
Indonesia,2022-01-03,51.680855
Indonesia,2022-01-04,51.68193
Indonesia,2022-01-05,51.683365
Indonesia,2022-01-06,51.685875
Indonesia,2022-01-07,51.687668
Indonesia,2022-01-08,51.68982
Indonesia,2022-01-09,51.690536
Indonesia,2022-01-10,51.693047
Indonesia,2022-01-11,51.69592
Indonesia,2022-01-12,51.69807
Indonesia,2022-01-13,51.699863
Indonesia,2022-01-14,51.702732
Indonesia,2022-01-15,51.704166
Indonesia,2022-01-16,51.705242
Indonesia,2022-01-17,51.706676
Indonesia,2022-01-18,51.709904
Indonesia,2022-01-19,51.71313
Indonesia,2022-01-20,51.71564
Indonesia,2022-01-21,51.71636
Indonesia,2022-01-22,51.718155
Indonesia,2022-01-23,51.723175
Indonesia,2022-01-24,51.725685
Indonesia,2022-01-25,51.732857
Indonesia,2022-01-26,51.735367
Indonesia,2022-01-27,51.737877
Indonesia,2022-01-28,51.74039
Indonesia,2022-01-29,51.746487
Indonesia,2022-01-30,51.75294
Indonesia,2022-01-31,51.759037
Indonesia,2022-02-01,51.76908
Indonesia,2022-02-02,51.778046
Indonesia,2022-02-03,51.791676
Indonesia,2022-02-04,51.806736
Indonesia,2022-02-05,51.822517
Indonesia,2022-02-06,51.84296
Indonesia,2022-02-07,51.872368
Indonesia,2022-02-08,51.902138
Indonesia,2022-02-09,51.92545
Indonesia,2022-02-10,51.95199
Indonesia,2022-02-11,51.98785
Indonesia,2022-02-12,52.026226
Indonesia,2022-02-13,52.066036
Indonesia,2022-02-14,52.11804
Indonesia,2022-02-15,52.166096
Indonesia,2022-02-16,52.22599
Indonesia,2022-02-17,52.29987
Indonesia,2022-02-18,52.377335
Indonesia,2022-02-19,52.434002
Indonesia,2022-02-20,52.49246
Indonesia,2022-02-21,52.55558
Indonesia,2022-02-22,52.64775
Indonesia,2022-02-23,52.72916
Indonesia,2022-02-24,52.84285
Indonesia,2022-02-25,52.93036
Indonesia,2022-02-26,53.02289
Indonesia,2022-02-27,53.10502
Indonesia,2022-02-28,53.198982
Indonesia,2022-03-01,53.31554
Indonesia,2022-03-02,53.45039
Indonesia,2022-03-03,53.533592
Indonesia,2022-03-04,53.651226
Indonesia,2022-03-05,53.76671
Indonesia,2022-03-06,53.857803
Indonesia,2022-03-07,53.950333
Indonesia,2022-03-08,54.094147
Indonesia,2022-03-09,54.203175
Indonesia,2022-03-10,54.302876
Indonesia,2022-03-11,54.406883
Indonesia,2022-03-12,54.495827
Indonesia,2022-03-13,54.572933
Indonesia,2022-03-14,54.670124
Indonesia,2022-03-15,54.780586
Indonesia,2022-03-16,54.863075
Indonesia,2022-03-17,54.94807
Indonesia,2022-03-18,55.01944
Indonesia,2022-03-19,55.086864
Indonesia,2022-03-20,55.13672
Indonesia,2022-03-21,55.191948
Indonesia,2022-03-22,55.25292
Indonesia,2022-03-23,55.30994
Indonesia,2022-03-24,55.353695
Indonesia,2022-03-25,55.396732
Indonesia,2022-03-26,55.435104
Indonesia,2022-03-27,55.47097
Indonesia,2022-03-28,55.50827
Indonesia,2022-03-29,55.547
Indonesia,2022-03-30,55.58932
Indonesia,2022-03-31,55.621243
Indonesia,2022-04-01,55.64814
Indonesia,2022-04-02,55.675755
Indonesia,2022-04-03,55.69261
Indonesia,2022-04-04,55.71449
Indonesia,2022-04-05,55.74031
Indonesia,2022-04-06,55.75573
Indonesia,2022-04-07,55.77187
Indonesia,2022-04-08,55.788727
Indonesia,2022-04-09,55.80343
Indonesia,2022-04-10,55.81383
Indonesia,2022-04-11,55.831047
Indonesia,2022-04-12,55.846466
Indonesia,2022-04-13,55.85687
Indonesia,2022-04-14,55.874084
Indonesia,2022-04-15,55.883408
Indonesia,2022-04-16,55.892014
Indonesia,2022-04-17,55.899906
Indonesia,2022-04-18,55.913174
Indonesia,2022-04-19,55.92537
Indonesia,2022-04-20,55.938637
Indonesia,2022-04-21,55.953342
Indonesia,2022-04-22,55.962307
Indonesia,2022-04-23,55.971992
Indonesia,2022-04-24,55.983826
Indonesia,2022-04-25,55.995663
Indonesia,2022-04-26,56.00642
Indonesia,2022-04-27,56.019333
Indonesia,2022-04-28,56.025787
Indonesia,2022-04-29,56.034035
Indonesia,2022-04-30,56.040134
Indonesia,2022-05-01,56.04587
Indonesia,2022-05-02,56.05089
Indonesia,2022-05-03,56.057346
Indonesia,2022-05-04,56.063087
Indonesia,2022-05-05,56.0699
Indonesia,2022-05-06,56.075996
Indonesia,2022-05-07,56.081017
Indonesia,2022-05-08,56.084606
Indonesia,2022-05-09,56.089985
Indonesia,2022-05-10,56.097157
Indonesia,2022-05-11,56.100025
Indonesia,2022-05-12,56.10505
Indonesia,2022-05-13,56.108635
Indonesia,2022-05-14,56.110428
Indonesia,2022-05-15,56.11222
Indonesia,2022-05-16,56.114372
Indonesia,2022-05-17,56.12047
Indonesia,2022-05-18,56.126564
Indonesia,2022-05-19,56.13087
Indonesia,2022-05-20,56.131947
Indonesia,2022-05-21,56.134098
Indonesia,2022-05-22,56.135174
Indonesia,2022-05-23,56.139477
Indonesia,2022-05-24,56.144497
Indonesia,2022-05-25,56.14629
Indonesia,2022-05-26,56.147366
Indonesia,2022-05-27,56.150593
Indonesia,2022-05-28,56.153465
Indonesia,2022-05-29,56.153824
Indonesia,2022-05-30,56.158127
Indonesia,2022-05-31,56.15992
Indonesia,2022-06-01,56.160995
Indonesia,2022-06-02,56.163147
Indonesia,2022-06-03,56.16458
Indonesia,2022-06-04,56.166733
Indonesia,2022-06-05,56.168526
Indonesia,2022-06-06,56.171036
Indonesia,2022-06-07,56.171753
Indonesia,2022-06-08,56.173187
Indonesia,2022-06-09,56.1757
Indonesia,2022-06-10,56.176777
Indonesia,2022-06-11,56.177853
Indonesia,2022-06-12,56.17857
Indonesia,2022-06-13,56.181797
Indonesia,2022-06-14,56.185383
Indonesia,2022-06-15,56.18825
Indonesia,2022-06-16,56.189327
Indonesia,2022-06-17,56.19148
Indonesia,2022-06-18,56.19327
Indonesia,2022-06-19,56.194347
Indonesia,2022-06-20,56.197216
Indonesia,2022-06-21,56.199013
Indonesia,2022-06-22,56.19973
Indonesia,2022-06-23,56.201164
Indonesia,2022-06-24,56.202957
Indonesia,2022-06-25,56.204033
Indonesia,2022-06-26,56.20511
Indonesia,2022-06-27,56.208336
Indonesia,2022-06-28,56.209053
Indonesia,2022-06-29,56.21013
Indonesia,2022-06-30,56.21228
Indonesia,2022-07-01,56.213356
Indonesia,2022-07-02,56.21515
Indonesia,2022-07-03,56.216583
Indonesia,2022-07-04,56.21981
Indonesia,2022-07-05,56.222683
Indonesia,2022-07-06,56.224117
Indonesia,2022-07-07,56.22627
Indonesia,2022-07-08,56.22806
Indonesia,2022-07-09,56.229496
Indonesia,2022-07-10,56.231647
Indonesia,2022-07-11,56.234158
Indonesia,2022-07-12,56.237026
Indonesia,2022-07-13,56.24133
Indonesia,2022-07-14,56.24456
Indonesia,2022-07-15,56.24671
Indonesia,2022-07-16,56.248863
Indonesia,2022-07-17,56.25245
Indonesia,2022-07-18,56.256035
Indonesia,2022-07-19,56.258186
Indonesia,2022-07-20,56.261772
Indonesia,2022-07-21,56.263565
Indonesia,2022-07-22,56.26823
Indonesia,2022-07-23,56.271458
Indonesia,2022-07-24,56.271458
Indonesia,2022-07-25,56.276478
Indonesia,2022-07-26,56.28114
Indonesia,2022-07-27,56.285084
Indonesia,2022-07-28,56.291183
Indonesia,2022-07-29,56.295845
Indonesia,2022-07-30,56.300507
Indonesia,2022-07-31,56.304092
Indonesia,2022-08-01,56.308037
Indonesia,2022-08-02,56.316647
Indonesia,2022-08-03,56.3231
Indonesia,2022-08-04,56.32812
Indonesia,2022-08-05,56.332424
Indonesia,2022-08-06,56.336014
Indonesia,2022-08-07,56.340675
Indonesia,2022-08-08,56.34713
Indonesia,2022-08-09,56.353584
Indonesia,2022-08-10,56.360043
Indonesia,2022-08-11,56.36793
Indonesia,2022-08-12,56.374386
Indonesia,2022-08-13,56.3812
Indonesia,2022-08-14,56.387657
Indonesia,2022-08-15,56.39698
Indonesia,2022-08-16,56.40595
Indonesia,2022-08-17,56.41276
Indonesia,2022-08-18,56.42029
Indonesia,2022-08-19,56.42962
Indonesia,2022-08-20,56.437508
Indonesia,2022-08-21,56.44181
Indonesia,2022-08-22,56.448624
Indonesia,2022-08-23,56.457233
Indonesia,2022-08-24,56.463688
Indonesia,2022-08-25,56.4705
Indonesia,2022-08-26,56.478035
Indonesia,2022-08-27,56.483414
Indonesia,2022-08-28,56.485924
Indonesia,2022-08-29,56.493454
Indonesia,2022-08-30,56.50063
Indonesia,2022-08-31,56.509594
Indonesia,2022-09-01,56.51856
Indonesia,2022-09-02,56.52466
Indonesia,2022-09-03,56.532906
Indonesia,2022-09-04,56.538643
Indonesia,2022-09-05,56.546177
Indonesia,2022-09-06,56.556217
Indonesia,2022-09-07,56.563747
Indonesia,2022-09-08,56.568054
Indonesia,2022-09-09,56.572357
Indonesia,2022-09-10,56.578094
Indonesia,2022-09-11,56.582756
Indonesia,2022-09-12,56.588852
Indonesia,2022-09-13,56.596027
Indonesia,2022-09-14,56.603558
Indonesia,2022-09-15,56.611088
Indonesia,2022-09-16,56.620773
Indonesia,2022-09-17,56.623642
Indonesia,2022-09-18,56.62651
Indonesia,2022-09-19,56.634758
Indonesia,2022-09-20,56.64014
Indonesia,2022-09-21,56.646595
Indonesia,2022-09-22,56.65305
Indonesia,2022-09-23,56.660225
Indonesia,2022-09-24,56.664528
Indonesia,2022-09-25,56.670265
Indonesia,2022-09-26,56.678154
Indonesia,2022-09-27,56.685688
Indonesia,2022-09-28,56.6925
Indonesia,2022-09-29,56.698597
Indonesia,2022-09-30,56.70541
Indonesia,2022-10-01,56.709
Indonesia,2022-10-02,56.712585
Indonesia,2022-10-03,56.71653
Indonesia,2022-10-04,56.72119
Indonesia,2022-10-05,56.72442
Indonesia,2022-10-06,56.728725
Indonesia,2022-10-07,56.734104
Indonesia,2022-10-08,56.734104
Indonesia,2022-10-09,56.738766
Indonesia,2022-10-10,56.743786
Indonesia,2022-10-11,56.749523
Indonesia,2022-10-12,56.754547
Indonesia,2022-10-13,56.759567
Indonesia,2022-10-14,56.76602
Indonesia,2022-10-15,56.773193
Indonesia,2022-10-16,56.7775
Indonesia,2022-10-17,56.78252
Indonesia,2022-10-18,56.788975
Indonesia,2022-10-19,56.794712
Indonesia,2022-10-20,56.80153
Indonesia,2022-10-21,56.807983
Indonesia,2022-10-22,56.814438
Indonesia,2022-10-23,56.8191
Indonesia,2022-10-24,56.828068
Indonesia,2022-10-25,56.835598
Indonesia,2022-10-26,56.844208
Indonesia,2022-10-27,56.852455
Indonesia,2022-10-28,56.860344
Indonesia,2022-10-29,56.87003
Indonesia,2022-10-30,56.879353
Indonesia,2022-10-31,56.89155
Indonesia,2022-11-01,56.903023
Indonesia,2022-11-02,56.9145
Indonesia,2022-11-03,56.92956
Indonesia,2022-11-04,56.94068
Indonesia,2022-11-05,56.954666
Indonesia,2022-11-06,56.96256
Indonesia,2022-11-07,56.97762
Indonesia,2022-11-08,56.99125
Indonesia,2022-11-09,57.00667
Indonesia,2022-11-10,57.01994
Indonesia,2022-11-11,57.036438
Indonesia,2022-11-12,57.04827
Indonesia,2022-11-13,57.061184
Indonesia,2022-11-14,57.08055
Indonesia,2022-11-15,57.095253
Indonesia,2022-11-16,57.11462
Indonesia,2022-11-17,57.12825
Indonesia,2022-11-18,57.139725
Indonesia,2022-11-19,57.148693
Indonesia,2022-11-20,57.15981
Indonesia,2022-11-21,57.175232
Indonesia,2022-11-22,57.193523
Indonesia,2022-11-23,57.21181
Indonesia,2022-11-24,57.226517
Indonesia,2022-11-25,57.23907
Indonesia,2022-11-26,57.253773
Indonesia,2022-11-27,57.266327
Indonesia,2022-11-28,57.287487
Indonesia,2022-11-29,57.306854
Indonesia,2022-11-30,57.321556
Indonesia,2022-12-01,57.340923
Indonesia,2022-12-02,57.354195
Indonesia,2022-12-03,57.36567
Indonesia,2022-12-04,57.374634
Indonesia,2022-12-05,57.39185
Indonesia,2022-12-06,57.40799
Indonesia,2022-12-07,57.422695
Indonesia,2022-12-08,57.432377
Indonesia,2022-12-09,57.44529
Indonesia,2022-12-10,57.453537
Indonesia,2022-12-11,57.46286
Indonesia,2022-12-12,57.47398
Indonesia,2022-12-13,57.485455
Indonesia,2022-12-14,57.494064
Indonesia,2022-12-15,57.50267
Indonesia,2022-12-16,57.512352
Indonesia,2022-12-17,57.520245
Indonesia,2022-12-18,57.525265
Indonesia,2022-12-19,57.534588
Indonesia,2022-12-20,57.544273
Indonesia,2022-12-21,57.549652
Indonesia,2022-12-22,57.55754
Indonesia,2022-12-23,57.564358
Indonesia,2022-12-24,57.570454
Indonesia,2022-12-25,57.575115
Indonesia,2022-12-26,57.580135
Indonesia,2022-12-27,57.583366
Indonesia,2022-12-28,57.588387
Indonesia,2022-12-29,57.591614
Indonesia,2022-12-30,57.5952
Indonesia,2022-12-31,57.602013
Indonesia,2023-01-01,57.604523
Indonesia,2023-01-02,57.610264
Indonesia,2023-01-03,57.614925
Indonesia,2023-01-04,57.618153
Indonesia,2023-01-05,57.62102
Indonesia,2023-01-06,57.62389
Indonesia,2023-01-07,57.62604
Indonesia,2023-01-08,57.627476
Indonesia,2023-01-09,57.631424
Indonesia,2023-01-10,57.6325
Indonesia,2023-01-11,57.63537
Indonesia,2023-01-12,57.63752
Indonesia,2023-01-13,57.64039
Indonesia,2023-01-14,57.64218
Indonesia,2023-01-15,57.643257
Indonesia,2023-01-16,57.64756
Indonesia,2023-01-17,57.65007
Indonesia,2023-01-18,57.65366
Indonesia,2023-01-19,57.65653
Indonesia,2023-01-20,57.659397
Indonesia,2023-01-21,57.66119
Indonesia,2023-01-22,57.662624
Indonesia,2023-01-23,57.665134
Indonesia,2023-01-24,57.666927
Indonesia,2023-01-25,57.667645
Indonesia,2023-01-26,57.66908
Indonesia,2023-01-27,57.669796
Indonesia,2023-01-28,57.670155
Indonesia,2023-01-29,57.670513
Indonesia,2023-01-30,57.673023
Indonesia,2023-01-31,57.674458
Indonesia,2023-02-01,57.675537
Indonesia,2023-02-02,57.67733
Indonesia,2023-02-03,57.678764
Indonesia,2023-02-04,57.680557
Indonesia,2023-02-05,57.680916
Indonesia,2023-02-06,57.683067
Indonesia,2023-02-07,57.686295
Indonesia,2023-02-08,57.688087
Indonesia,2023-02-09,57.689163
Indonesia,2023-02-10,57.69024
Indonesia,2023-02-11,57.690956
Indonesia,2023-02-12,57.69239
Indonesia,2023-02-13,57.694542
Indonesia,2023-02-14,57.695618
Indonesia,2023-02-15,57.69741
Indonesia,2023-02-16,57.698128
Indonesia,2023-02-17,57.699566
Indonesia,2023-02-18,57.699566
Indonesia,2023-02-19,57.700283
Indonesia,2023-02-20,57.701
Indonesia,2023-02-21,57.702435
Indonesia,2023-02-22,57.70315
Indonesia,2023-02-23,57.704227
Indonesia,2023-02-24,57.70602
Indonesia,2023-02-25,57.707096
Indonesia,2023-02-26,57.70817
Indonesia,2023-02-27,57.709248
Indonesia,2023-02-28,57.710323
Indonesia,2023-03-01,57.71104
Indonesia,2023-03-02,57.712475
Indonesia,2023-03-03,57.714268
Indonesia,2023-03-04,57.715343
Indonesia,2023-03-05,57.71606
Indonesia,2023-03-06,57.716778
Indonesia,2023-03-07,57.717495
Indonesia,2023-03-08,57.71857
Indonesia,2023-03-09,57.720005
Indonesia,2023-03-10,57.72108
Indonesia,2023-03-11,57.72144
Indonesia,2023-03-12,57.72252
Indonesia,2023-03-13,57.723236
Indonesia,2023-03-14,57.72431
Indonesia,2023-03-15,57.725388
Indonesia,2023-03-16,57.727898
Indonesia,2023-03-17,57.72969
Indonesia,2023-03-18,57.73005
Indonesia,2023-03-19,57.730766
Indonesia,2023-03-20,57.7322
Indonesia,2023-03-21,57.732918
Indonesia,2023-03-22,57.73471
Indonesia,2023-03-23,57.735428
Indonesia,2023-03-24,57.735786
Indonesia,2023-03-25,57.739014
Indonesia,2023-03-26,57.739014
Indonesia,2023-03-27,57.741165
Indonesia,2023-03-28,57.742958
Indonesia,2023-03-29,57.744034
Indonesia,2023-03-30,57.745472
Indonesia,2023-03-31,57.74834
Indonesia,2023-04-01,57.749416
Indonesia,2023-04-02,57.75085
Indonesia,2023-04-03,57.751926
Indonesia,2023-04-04,57.75372
Indonesia,2023-04-05,57.755154
Indonesia,2023-04-06,57.756947
Indonesia,2023-04-07,57.757664
Indonesia,2023-04-08,57.759098
Indonesia,2023-04-09,57.759815
Indonesia,2023-04-10,57.76161
Indonesia,2023-04-11,57.76663
Indonesia,2023-04-12,57.770576
Indonesia,2023-04-13,57.775597
Indonesia,2023-04-14,57.780617
Indonesia,2023-04-15,57.78277
Indonesia,2023-04-16,57.78528
Indonesia,2023-04-17,57.78743
Indonesia,2023-04-18,57.791378
Indonesia,2023-04-19,57.79568
Indonesia,2023-04-20,57.800343
Indonesia,2023-04-21,57.802135
Indonesia,2023-04-22,57.804287
Indonesia,2023-04-23,57.804646
Indonesia,2023-04-24,57.80644
Indonesia,2023-04-25,57.809307
Indonesia,2023-04-26,57.81433
Indonesia,2023-04-27,57.820427
Indonesia,2023-04-28,57.833694
Indonesia,2023-04-29,57.83872
Indonesia,2023-04-30,57.84302
Indonesia,2023-05-01,57.84876
Indonesia,2023-05-02,57.85844
Indonesia,2023-05-03,57.86741
Indonesia,2023-05-04,57.878883
Indonesia,2023-05-05,57.88606
Indonesia,2023-05-06,57.89861
Indonesia,2023-05-07,57.90578
Indonesia,2023-05-08,57.913315
Indonesia,2023-05-09,57.920845
Indonesia,2023-05-10,57.929813
Indonesia,2023-05-11,57.939137
Indonesia,2023-05-12,57.947025
Indonesia,2023-05-13,57.955994
Indonesia,2023-05-14,57.95958
Indonesia,2023-05-15,57.96711
Indonesia,2023-05-16,57.96998
Indonesia,2023-05-17,57.972847
Indonesia,2023-05-18,57.975357
Indonesia,2023-05-19,57.977154
Indonesia,2023-05-20,57.981815
Indonesia,2023-05-21,57.98289
Indonesia,2023-05-22,57.98612
Indonesia,2023-05-23,57.992573
Indonesia,2023-05-24,57.997593
Indonesia,2023-05-25,57.99975
Indonesia,2023-05-26,58.00154
Indonesia,2023-05-27,58.00405
Indonesia,2023-05-28,58.006203
Indonesia,2023-05-29,58.01158
Indonesia,2023-05-30,58.01445
Indonesia,2023-05-31,58.017677
Indonesia,2023-06-01,58.018394
Indonesia,2023-06-02,58.020187
Indonesia,2023-06-03,58.020905
Indonesia,2023-06-04,58.024136
Indonesia,2023-06-05,58.027004
Indonesia,2023-06-06,58.029514
Indonesia,2023-06-07,58.032024
Indonesia,2023-06-08,58.03346
Indonesia,2023-06-09,58.03525
Indonesia,2023-06-10,58.03525
Indonesia,2023-06-11,58.03561
Indonesia,2023-06-12,58.037403
Indonesia,2023-06-13,58.038837
Indonesia,2023-06-14,58.039555
Indonesia,2023-06-15,58.04099
Indonesia,2023-06-16,58.042065
Indonesia,2023-06-17,58.042423
Indonesia,2023-06-18,58.043858
Indonesia,2023-06-19,58.043858
Indonesia,2023-06-20,58.045296
Indonesia,2023-06-21,58.04709
Indonesia,2023-06-22,58.048523
Indonesia,2023-06-23,58.049957
Indonesia,2023-06-24,58.050674
Indonesia,2023-06-25,58.05139
Indonesia,2023-06-26,58.05211
Indonesia,2023-06-27,58.053185
Indonesia,2023-06-28,58.053185
Indonesia,2023-06-29,58.053543
Indonesia,2023-06-30,58.0539
Indonesia,2023-07-01,58.05462
Indonesia,2023-07-02,58.056053
Indonesia,2023-07-03,58.05641
Indonesia,2023-07-04,58.05713
Indonesia,2023-07-05,58.058205
Indonesia,2023-07-06,58.058205
Indonesia,2023-07-07,58.058205
Indonesia,2023-07-08,58.058205
Indonesia,2023-07-09,58.058205
Indonesia,2023-07-10,58.059998
Indonesia,2023-07-11,58.060715
Indonesia,2023-07-12,58.061073
Indonesia,2023-07-13,58.06179
Indonesia,2023-07-14,58.06179
Indonesia,2023-07-15,58.06179
Indonesia,2023-07-16,58.06215
Indonesia,2023-07-17,58.062866
Indonesia,2023-07-18,58.063942
Indonesia,2023-07-19,58.063942
Indonesia,2023-07-20,58.0643
Indonesia,2023-07-21,58.0643
Indonesia,2023-07-22,58.0643
Indonesia,2023-07-23,58.065018
Indonesia,2023-07-24,58.065735
Indonesia,2023-07-25,58.066452
Indonesia,2023-07-26,58.06681
Indonesia,2023-07-27,58.06717
Indonesia,2023-07-28,58.067886
Indonesia,2023-07-29,58.067886
Indonesia,2023-07-30,58.068966
Indonesia,2023-07-31,58.068966
Indonesia,2023-08-01,58.069324
Indonesia,2023-08-02,58.069324
Indonesia,2023-08-03,58.069324
Indonesia,2023-08-04,58.069683
Indonesia,2023-08-05,58.069683
Indonesia,2023-08-06,58.069683
Indonesia,2023-08-07,58.069683
Indonesia,2023-08-08,58.069683
Indonesia,2023-08-09,58.069683
Indonesia,2023-08-10,58.069683
Indonesia,2023-08-11,58.069683
Indonesia,2023-08-12,58.069683
Indonesia,2023-08-13,58.069683
Indonesia,2023-08-14,58.069683
Indonesia,2023-08-15,58.069683
Indonesia,2023-08-16,58.069683
Indonesia,2023-08-17,58.069683
Indonesia,2023-08-18,58.069683
Indonesia,2023-08-19,58.069683
Indonesia,2023-08-20,58.069683
Indonesia,2023-08-21,58.069683
Indonesia,2023-08-22,58.069683
Indonesia,2023-08-23,58.069683
Indonesia,2023-08-24,58.069683
Indonesia,2023-08-25,58.069683
Indonesia,2023-08-26,58.0704
Indonesia,2023-08-27,58.0704
Indonesia,2023-08-28,58.0704
Indonesia,2023-08-29,58.0704
Indonesia,2023-08-30,58.0704
Indonesia,2023-08-31,58.0704
Indonesia,2023-09-01,58.0704
Indonesia,2023-09-02,58.0704
Indonesia,2023-09-03,58.0704
Indonesia,2023-09-04,58.0704
Indonesia,2023-09-05,58.0704
Indonesia,2023-09-06,58.0704
Indonesia,2023-09-07,58.0704
Indonesia,2023-09-08,58.0704
Indonesia,2023-09-09,58.0704
Indonesia,2023-09-10,58.0704
Indonesia,2023-09-11,58.0704
Indonesia,2023-09-12,58.0704
Indonesia,2023-09-13,58.0704
Indonesia,2023-09-14,58.0704
Indonesia,2023-09-15,58.0704
Indonesia,2023-09-16,58.0704
Indonesia,2023-09-17,58.0704
Indonesia,2023-09-18,58.0704
Indonesia,2023-09-19,58.0704
Indonesia,2023-09-20,58.0704
Indonesia,2023-09-21,58.0704
Indonesia,2023-09-22,58.0704
Indonesia,2023-09-23,58.0704
Indonesia,2023-09-24,58.0704
Indonesia,2023-09-25,58.0704
Indonesia,2023-09-26,58.0704
Indonesia,2023-09-27,58.0704
Indonesia,2023-09-28,58.0704
Indonesia,2023-09-29,58.0704
Indonesia,2023-09-30,58.0704
Indonesia,2023-10-01,58.0704
Indonesia,2023-10-02,58.0704
Indonesia,2023-10-03,58.0704
Indonesia,2023-10-04,58.0704
Indonesia,2023-10-05,58.0704
Indonesia,2023-10-06,58.0704
Indonesia,2023-10-07,58.0704
Indonesia,2023-10-08,58.0704
Indonesia,2023-10-09,58.0704
Indonesia,2023-10-10,58.0704
Indonesia,2023-10-11,58.0704
Indonesia,2023-10-12,58.0704
Indonesia,2023-10-13,58.0704
Indonesia,2023-10-14,58.0704
Indonesia,2023-10-15,58.0704
Indonesia,2023-10-16,58.0704
Indonesia,2023-10-17,58.0704
Indonesia,2023-10-18,58.0704
Indonesia,2023-10-19,58.0704
Indonesia,2023-10-20,58.0704
Indonesia,2023-10-21,58.0704
Indonesia,2023-10-22,58.0704
Indonesia,2023-10-23,58.0704
Indonesia,2023-10-24,58.0704
Indonesia,2023-10-25,58.0704
Indonesia,2023-10-26,58.0704
Indonesia,2023-10-27,58.0704
Indonesia,2023-10-28,58.0704
Indonesia,2023-10-29,58.0704
Indonesia,2023-10-30,58.0704
Indonesia,2023-10-31,58.0704
Indonesia,2023-11-01,58.0704
Indonesia,2023-11-02,58.0704
Indonesia,2023-11-03,58.0704
Indonesia,2023-11-04,58.0704
Indonesia,2023-11-05,58.0704
Indonesia,2023-11-06,58.0704
Indonesia,2023-11-07,58.0704
Indonesia,2023-11-08,58.0704
Indonesia,2023-11-09,58.0704
Indonesia,2023-11-10,58.0704
Indonesia,2023-11-11,58.0704
Indonesia,2023-11-12,58.0704
Indonesia,2023-11-13,58.0704
Indonesia,2023-11-14,58.0704
Indonesia,2023-11-15,58.0704
Indonesia,2023-11-16,58.0704
Indonesia,2023-11-17,58.0704
Indonesia,2023-11-18,58.0704
Indonesia,2023-11-19,58.0704
Indonesia,2023-11-20,58.0704
Indonesia,2023-11-21,58.0704
Indonesia,2023-11-22,58.0704
Indonesia,2023-11-23,58.0704
Indonesia,2023-11-24,58.0704
Indonesia,2023-11-25,58.0704
Indonesia,2023-11-26,58.0704
Indonesia,2023-11-27,58.0704
Indonesia,2023-11-28,58.0704
Indonesia,2023-11-29,58.0704
Indonesia,2023-11-30,58.0704
Indonesia,2023-12-01,58.0704
Indonesia,2023-12-02,58.0704
Indonesia,2023-12-03,58.0704
Indonesia,2023-12-04,58.0704
Indonesia,2023-12-05,58.071476
Indonesia,2023-12-06,58.071476
Indonesia,2023-12-07,58.071476
Indonesia,2023-12-08,58.072193
Indonesia,2023-12-09,58.072193
Indonesia,2023-12-10,58.072193
Indonesia,2023-12-11,58.072193
Indonesia,2023-12-12,58.07291
Indonesia,2023-12-13,58.07291
Indonesia,2023-12-14,58.07327
Indonesia,2023-12-15,58.073986
Indonesia,2023-12-16,58.074345
Indonesia,2023-12-17,58.074703
Indonesia,2023-12-18,58.07542
Indonesia,2023-12-19,58.07578
Indonesia,2023-12-20,58.077213
Indonesia,2023-12-21,58.08044
Indonesia,2023-12-22,58.082592
Indonesia,2023-12-23,58.08331
Indonesia,2023-12-24,58.08331
Indonesia,2023-12-25,58.085102
Indonesia,2023-12-26,58.086178
Indonesia,2023-12-27,58.086895
Indonesia,2023-12-28,58.087254
Indonesia,2023-12-29,58.08797
Indonesia,2023-12-30,58.088688
Indonesia,2023-12-31,58.089764
Indonesia,2024-01-01,58.09048
Indonesia,2024-01-02,58.09156
Indonesia,2024-01-03,58.092995
Indonesia,2024-01-04,58.094788
Indonesia,2024-01-05,58.095505
Indonesia,2024-01-06,58.09658
Indonesia,2024-01-07,58.098015
Indonesia,2024-01-08,58.100166
Indonesia,2024-01-09,58.100883
Indonesia,2024-01-10,58.10196
Indonesia,2024-01-11,58.103752
Indonesia,2024-01-12,58.104828
Indonesia,2024-01-13,58.104828
Indonesia,2024-01-14,58.105186
Indonesia,2024-01-15,58.105186
Indonesia,2024-01-16,58.10698
Indonesia,2024-01-17,58.108055
Indonesia,2024-01-18,58.108772
Indonesia,2024-01-19,58.10949
Indonesia,2024-01-20,58.111282
Indonesia,2024-01-21,58.11164
Indonesia,2024-01-22,58.11236
Indonesia,2024-01-23,58.112717
Indonesia,2024-01-24,58.113792
Indonesia,2024-01-25,58.114155
Indonesia,2024-01-26,58.11523
Indonesia,2024-01-27,58.115948
Indonesia,2024-01-28,58.115948
Indonesia,2024-01-29,58.116665
Indonesia,2024-01-30,58.117023
Indonesia,2024-01-31,58.117382
Indonesia,2024-02-01,58.118458
Indonesia,2024-02-02,58.118458
Indonesia,2024-02-03,58.118816
Indonesia,2024-02-04,58.119175
Indonesia,2024-02-05,58.119175
Indonesia,2024-02-06,58.119175
Indonesia,2024-02-07,58.119175
Indonesia,2024-02-08,58.119175
Indonesia,2024-02-09,58.119175
Indonesia,2024-02-10,58.119175
Indonesia,2024-02-11,58.11774
Indonesia,2024-02-12,58.11774
Indonesia,2024-02-13,58.11774
Indonesia,2024-02-14,58.11774
Indonesia,2024-02-15,58.11774
Indonesia,2024-02-16,58.11774
Indonesia,2024-02-17,58.11774
Indonesia,2024-02-18,58.11774
Indonesia,2024-02-19,58.11774
Indonesia,2024-02-20,58.11774
Indonesia,2024-02-21,58.11774
Indonesia,2024-02-22,58.11774
Indonesia,2024-02-23,58.11774
Indonesia,2024-02-24,58.11774
Indonesia,2024-02-25,58.11774
Indonesia,2024-02-26,58.11774
Indonesia,2024-02-27,58.11774
Indonesia,2024-02-28,58.11774
Indonesia,2024-02-29,58.11774
Indonesia,2024-03-01,58.119534
Indonesia,2024-03-02,58.119534
Indonesia,2024-03-03,58.119534
Indonesia,2024-03-04,58.119534
Indonesia,2024-03-05,58.119534
Indonesia,2024-03-06,58.119534
Indonesia,2024-03-07,58.119534
Indonesia,2024-03-08,58.119534
Indonesia,2024-03-09,58.119892
Indonesia,2024-03-10,58.119892
Indonesia,2024-03-11,58.119892
Indonesia,2024-03-12,58.119892
Indonesia,2024-03-13,58.119892
Indonesia,2024-03-14,58.119892
Indonesia,2024-03-15,58.119892
Indonesia,2024-03-16,58.119892
Indonesia,2024-03-17,58.119892
Indonesia,2024-03-18,58.119892
Indonesia,2024-03-19,58.119892
Indonesia,2024-03-20,58.119892
Indonesia,2024-03-21,58.119892
Indonesia,2024-03-22,58.119892
Indonesia,2024-03-23,58.119892
Indonesia,2024-03-24,58.119892
Indonesia,2024-03-25,58.119892
Indonesia,2024-03-26,58.119892
Indonesia,2024-03-27,58.119892
Indonesia,2024-03-28,58.119892
Indonesia,2024-03-29,58.119892
Indonesia,2024-03-30,58.119892
Indonesia,2024-03-31,58.119892
Indonesia,2024-04-01,58.119892
Indonesia,2024-04-02,58.119892
Indonesia,2024-04-03,58.119892
Indonesia,2024-04-04,58.119892
Indonesia,2024-04-05,58.119892
Indonesia,2024-04-06,58.119892
Indonesia,2024-04-07,58.119892
Indonesia,2024-04-08,58.119892
Indonesia,2024-04-09,58.12061
Indonesia,2024-04-10,58.12061
Indonesia,2024-04-11,58.12061
Indonesia,2024-04-12,58.12061
Indonesia,2024-04-13,58.12061
Indonesia,2024-04-14,58.12061
Indonesia,2024-04-15,58.12061
Indonesia,2024-04-16,58.12061
Indonesia,2024-04-17,58.12061
Indonesia,2024-04-18,58.12061
Indonesia,2024-04-19,58.12061
Indonesia,2024-04-20,58.12061
Indonesia,2024-04-21,58.12061
Indonesia,2024-04-22,58.12061
Indonesia,2024-04-23,58.12061
Indonesia,2024-04-24,58.12061
Indonesia,2024-04-25,58.12061
Indonesia,2024-04-26,58.12061
Indonesia,2024-04-27,58.12061
Indonesia,2024-04-28,58.12061
Indonesia,2024-04-29,58.12061
Indonesia,2024-04-30,58.12061
Indonesia,2024-05-01,58.12061
Indonesia,2024-05-02,58.12061
Indonesia,2024-05-03,58.12061
Indonesia,2024-05-04,58.12061
Indonesia,2024-05-05,58.12061
Indonesia,2024-05-06,58.12061
Indonesia,2024-05-07,58.12061
Indonesia,2024-05-08,58.12061
Indonesia,2024-05-09,58.12061
Indonesia,2024-05-10,58.12061
Indonesia,2024-05-11,58.12061
Indonesia,2024-05-12,58.12061
Indonesia,2024-05-13,58.12061
Indonesia,2024-05-14,58.12061
Indonesia,2024-05-15,58.12061
Indonesia,2024-05-16,58.12061
Indonesia,2024-05-17,58.12061
Indonesia,2024-05-18,58.12061
Indonesia,2024-05-19,58.12061
Indonesia,2024-05-20,58.12061
Indonesia,2024-05-21,58.12061
Indonesia,2024-05-22,58.12061
Indonesia,2024-05-23,58.12061
Indonesia,2024-05-24,58.12061
Indonesia,2024-05-25,58.12061
Indonesia,2024-05-26,58.12061
Indonesia,2024-05-27,58.12061
Indonesia,2024-05-28,58.12061
Indonesia,2024-05-29,58.12061
Indonesia,2024-05-30,58.12061
Indonesia,2024-05-31,58.12061
Indonesia,2024-06-01,58.12061
Indonesia,2024-06-02,58.12061
Indonesia,2024-06-03,58.12061
Indonesia,2024-06-04,58.12061
Indonesia,2024-06-05,58.12061
Indonesia,2024-06-06,58.12061
Indonesia,2024-06-07,58.12061
Indonesia,2024-06-08,58.12061
Indonesia,2024-06-09,58.12061
Indonesia,2024-06-10,58.12061
Indonesia,2024-06-11,58.12061
Indonesia,2024-06-12,58.12061
Indonesia,2024-06-13,58.12061
Indonesia,2024-06-14,58.12061
Indonesia,2024-06-15,58.12061
Indonesia,2024-06-16,58.12061
Indonesia,2024-06-17,58.12061
Indonesia,2024-06-18,58.12061
Indonesia,2024-06-19,58.12061
Indonesia,2024-06-20,58.12061
Indonesia,2024-06-21,58.12061
Indonesia,2024-06-22,58.12061
Indonesia,2024-06-23,58.12061
Indonesia,2024-06-24,58.12061
Indonesia,2024-06-25,58.12061
Indonesia,2024-06-26,58.12061
Indonesia,2024-06-27,58.12061
Indonesia,2024-06-28,58.12061
Indonesia,2024-06-29,58.12061
Indonesia,2024-06-30,58.12061
Indonesia,2024-07-01,58.12061
Indonesia,2024-07-02,58.12061
Indonesia,2024-07-03,58.12061
Indonesia,2024-07-04,58.12061
Indonesia,2024-07-05,58.12061
Indonesia,2024-07-06,58.12061
Indonesia,2024-07-07,58.12061
Indonesia,2024-07-08,58.12061
Indonesia,2024-07-09,58.12061
Indonesia,2024-07-10,58.12061
Indonesia,2024-07-11,58.12061
Indonesia,2024-07-12,58.12061
Indonesia,2024-07-13,58.120968
Indonesia,2024-07-14,58.120968
Indonesia,2024-07-15,58.120968
Indonesia,2024-07-16,58.120968
Indonesia,2024-07-17,58.120968
Indonesia,2024-07-18,58.120968
Indonesia,2024-07-19,58.120968
Indonesia,2024-07-20,58.120968
Indonesia,2024-07-21,58.120968
Indonesia,2024-07-22,58.120968
Indonesia,2024-07-23,58.120968
Indonesia,2024-07-24,58.120968
Indonesia,2024-07-25,58.120968
Indonesia,2024-07-26,58.120968
Indonesia,2024-07-27,58.120968
Indonesia,2024-07-28,58.120968
Indonesia,2024-07-29,58.120968
Indonesia,2024-07-30,58.120968
Indonesia,2024-07-31,58.120968
Indonesia,2024-08-01,58.120968
Indonesia,2024-08-02,58.120968
Indonesia,2024-08-03,58.120968
Indonesia,2024-08-04,58.120968
Indonesia,2024-08-05,58.120968
Indonesia,2024-08-06,58.120968
Indonesia,2024-08-07,58.120968
Indonesia,2024-08-08,58.120968
Indonesia,2024-08-09,58.120968
Indonesia,2024-08-10,58.120968
Indonesia,2024-08-11,58.120968
Indonesia,2024-08-12,58.120968
Indonesia,2024-08-13,58.120968
Indonesia,2024-08-14,58.120968
Indonesia,2024-08-15,58.120968
Indonesia,2024-08-16,58.120968
Indonesia,2024-08-17,58.120968
Indonesia,2024-08-18,58.120968
Indonesia,2024-08-19,58.120968
Indonesia,2024-08-20,58.120968
Indonesia,2024-08-21,58.120968
Indonesia,2024-08-22,58.120968
Indonesia,2024-08-23,58.120968
Indonesia,2024-08-24,58.120968
Indonesia,2024-08-25,58.120968
Indonesia,2024-08-26,58.120968
Indonesia,2024-08-27,58.120968
Indonesia,2024-08-28,58.120968
Indonesia,2024-08-29,58.120968
Indonesia,2024-08-30,58.120968
Indonesia,2024-08-31,58.120968
Indonesia,2024-09-01,58.120968
Indonesia,2024-09-02,58.120968
Indonesia,2024-09-03,58.120968
Indonesia,2024-09-04,58.120968
Indonesia,2024-09-05,58.120968
Indonesia,2024-09-06,58.120968
Indonesia,2024-09-07,58.120968
Indonesia,2024-09-08,58.120968
Indonesia,2024-09-09,58.120968
Indonesia,2024-09-10,58.120968
Indonesia,2024-09-11,58.120968
Indonesia,2024-09-12,58.120968
Indonesia,2024-09-13,58.120968
Indonesia,2024-09-14,58.120968
Indonesia,2024-09-15,58.120968
Indonesia,2024-09-16,58.120968
Indonesia,2024-09-17,58.120968
Indonesia,2024-09-18,58.120968
Indonesia,2024-09-19,58.120968
Indonesia,2024-09-20,58.120968
Indonesia,2024-09-21,58.120968
Indonesia,2024-09-22,58.120968
Indonesia,2024-09-23,58.120968
Indonesia,2024-09-24,58.120968
Indonesia,2024-09-25,58.120968
Indonesia,2024-09-26,58.120968
Indonesia,2024-09-27,58.120968
Indonesia,2024-09-28,58.120968
Indonesia,2024-09-29,58.120968
Indonesia,2024-09-30,58.120968
Indonesia,2024-10-01,58.120968
Indonesia,2024-10-02,58.120968
Indonesia,2024-10-03,58.120968
Indonesia,2024-10-04,58.120968
Indonesia,2024-10-05,58.120968
Indonesia,2024-10-06,58.120968
Indonesia,2024-10-07,58.120968
Indonesia,2024-10-08,58.120968
Indonesia,2024-10-09,58.120968
Indonesia,2024-10-10,58.120968
Indonesia,2024-10-11,58.120968
Indonesia,2024-10-12,58.120968
Indonesia,2024-10-13,58.120968
Indonesia,2024-10-14,58.120968
Indonesia,2024-10-15,58.120968
Indonesia,2024-10-16,58.120968
Indonesia,2024-10-17,58.120968
Indonesia,2024-10-18,58.120968
Indonesia,2024-10-19,58.120968
Indonesia,2024-10-20,58.120968
Indonesia,2024-10-21,58.120968
Indonesia,2024-10-22,58.120968
Indonesia,2024-10-23,58.120968
Indonesia,2024-10-24,58.120968
Indonesia,2024-10-25,58.120968
Indonesia,2024-10-26,58.120968
Indonesia,2024-10-27,58.120968
Indonesia,2024-10-28,58.120968
Indonesia,2024-10-29,58.120968
Indonesia,2024-10-30,58.120968
Indonesia,2024-10-31,58.120968
Indonesia,2024-11-01,58.120968
Indonesia,2024-11-02,58.120968
Indonesia,2024-11-03,58.120968
Indonesia,2024-11-04,58.120968
Indonesia,2024-11-05,58.120968
Indonesia,2024-11-06,58.120968
Indonesia,2024-11-07,58.120968
Indonesia,2024-11-08,58.120968
Indonesia,2024-11-09,58.120968
Indonesia,2024-11-10,58.120968
Indonesia,2024-11-11,58.120968
Indonesia,2024-11-12,58.120968
Indonesia,2024-11-13,58.120968
Indonesia,2024-11-14,58.120968
Indonesia,2024-11-15,58.120968
Indonesia,2024-11-16,58.120968
Indonesia,2024-11-17,58.120968
Indonesia,2024-11-18,58.120968
Indonesia,2024-11-19,58.120968
Indonesia,2024-11-20,58.120968
Indonesia,2024-11-21,58.120968
Indonesia,2024-11-22,58.120968
Indonesia,2024-11-23,58.120968
Indonesia,2024-11-24,58.120968
Indonesia,2024-11-25,58.120968
Indonesia,2024-11-26,58.120968
Indonesia,2024-11-27,58.120968
Indonesia,2024-11-28,58.120968
Indonesia,2024-11-29,58.120968
Indonesia,2024-11-30,58.120968
Indonesia,2024-12-01,58.120968
Indonesia,2024-12-02,58.120968
Indonesia,2024-12-03,58.120968
Indonesia,2024-12-04,58.120968
Indonesia,2024-12-05,58.120968
Indonesia,2024-12-06,58.120968
Indonesia,2024-12-07,58.120968
Indonesia,2024-12-08,58.120968
Indonesia,2024-12-09,58.120968
Indonesia,2024-12-10,58.120968
Indonesia,2024-12-11,58.120968
Indonesia,2024-12-12,58.120968
Indonesia,2024-12-13,58.120968
Indonesia,2024-12-14,58.120968
Indonesia,2024-12-15,58.120968
